season,character,word_count,image
1,Agnes Skinner,49.0,https://static.simpsonswiki.com/images/b/b1/Tapped_Out_Agnes_Sidebar.png
1,Apu,101.0,https://static.simpsonswiki.com/images/0/08/Tapped_Out_Apu_Icon_-_Happy.png
1,Barney,263.0,https://img.icons8.com/doodle/48/barney-gumble.png
1,Bart,4902.0,https://img.icons8.com/doodle/48/bart-simpson.png
1,Brockman,215.0,https://static.simpsonswiki.com/images/3/35/Tapped_Out_Brockman_Sidebar.png
1,Carl,30.0,https://static.simpsonswiki.com/images/a/a4/Tapped_Out_Carl_Icon.png
1,Chief Wiggum,132.0,https://img.icons8.com/doodle/48/clancy-wiggum.png
1,Edna Krabappel,281.0,https://static.simpsonswiki.com/images/1/14/Tapped_Out_Mrs._Krabappel_Icon.png
1,Flanders,137.0,https://img.icons8.com/doodle/48/ned-flanders.png
1,Grampa,333.0,https://img.icons8.com/doodle/48/abraham-simpson.png
1,Homer,8204.0,https://img.icons8.com/doodle/48/homer-simpson.png
1,Jimbo,174.0,https://static.simpsonswiki.com/images/f/f3/Tapped_Out_Jimbo_Icon.png
1,Krusty,374.0,https://img.icons8.com/doodle/48/krusty-the-clown.png
1,Lenny,41.0,https://static.simpsonswiki.com/images/6/6f/Tapped_Out_Lenny_Icon.png
1,Lisa,1883.0,https://img.icons8.com/doodle/48/lisa-simpson.png
1,Lou,39.0,https://static.simpsonswiki.com/images/c/cf/Tapped_Out_Lou_Icon.png
1,Marge,3680.0,https://img.icons8.com/doodle/48/marge-simpson.png
1,Martin Prince,175.0,https://static.simpsonswiki.com/images/d/da/Tapped_Out_Martin_Icon.png
1,Milhouse,105.0,https://img.icons8.com/doodle/48/milhouse-van-houten.png
1,Moe,443.0,https://img.icons8.com/doodle/48/bartender-mo.png
1,Mr. Burns,650.0,https://img.icons8.com/doodle/48/charles-montgomery-burns.png
1,Nelson,135.0,https://static.simpsonswiki.com/images/0/0c/Tapped_Out_Nelson_Icon_-_Brave.png
1,Otto,61.0,https://static.simpsonswiki.com/images/4/48/Tapped_Out_Conductor_Otto_Sidebar.png
1,Patty,240.0,https://static.simpsonswiki.com/images/3/31/Tapped_Out_Patty_Sidebar.png
1,Ralph,21.0,https://img.icons8.com/doodle/48/ralf.png
1,Rev. Lovejoy,171.0,https://static.simpsonswiki.com/images/4/40/Tapped_Out_Rev._Lovejoy_Sidebar.png
1,Selma,84.0,https://static.simpsonswiki.com/images/8/8f/Tapped_Out_Selma_Icon.png
1,Sideshow Bob,581.0,https://static.simpsonswiki.com/images/6/68/Tapped_Out_Sideshow_Bob_Icon_-_Serious.png
1,Smithers,235.0,https://static.simpsonswiki.com/images/3/3a/Tapped_Out_Smithers_Icon.png
2,Apu,199.0,https://static.simpsonswiki.com/images/0/08/Tapped_Out_Apu_Icon_-_Happy.png
2,Barney,423.0,https://img.icons8.com/doodle/48/barney-gumble.png
2,Bart,5728.0,https://img.icons8.com/doodle/48/bart-simpson.png
2,Brockman,472.0,https://static.simpsonswiki.com/images/3/35/Tapped_Out_Brockman_Sidebar.png
2,Carl,87.0,https://static.simpsonswiki.com/images/a/a4/Tapped_Out_Carl_Icon.png
2,Chief Wiggum,15.0,https://img.icons8.com/doodle/48/clancy-wiggum.png
2,Comic Book Guy,15.0,https://static.simpsonswiki.com/images/a/a9/Tapped_Out_Comic_Book_Guy_Icon.png
2,Dr. Hibbert,603.0,https://static.simpsonswiki.com/images/d/d5/Tapped_Out_Dr._Hibbert_Icon.png
2,Edna Krabappel,560.0,https://static.simpsonswiki.com/images/1/14/Tapped_Out_Mrs._Krabappel_Icon.png
2,Flanders,1129.0,https://img.icons8.com/doodle/48/ned-flanders.png
2,Grampa,1684.0,https://img.icons8.com/doodle/48/abraham-simpson.png
2,Groundskeeper Willie,21.0,https://static.simpsonswiki.com/images/4/40/Tapped_Out_Chainsaw_Willie_Icon_-_Happy.png
2,Homer,14239.0,https://img.icons8.com/doodle/48/homer-simpson.png
2,Jimbo,4.0,https://static.simpsonswiki.com/images/f/f3/Tapped_Out_Jimbo_Icon.png
2,Krusty,266.0,https://img.icons8.com/doodle/48/krusty-the-clown.png
2,Lenny,112.0,https://static.simpsonswiki.com/images/6/6f/Tapped_Out_Lenny_Icon.png
2,Lisa,3882.0,https://img.icons8.com/doodle/48/lisa-simpson.png
2,Lou,71.0,https://static.simpsonswiki.com/images/c/cf/Tapped_Out_Lou_Icon.png
2,Marge,6407.0,https://img.icons8.com/doodle/48/marge-simpson.png
2,Martin Prince,750.0,https://static.simpsonswiki.com/images/d/da/Tapped_Out_Martin_Icon.png
2,Mayor Quimby,92.0,https://static.simpsonswiki.com/images/e/e3/Tapped_Out_Quimby_Icon.png
2,Milhouse,277.0,https://img.icons8.com/doodle/48/milhouse-van-houten.png
2,Moe,391.0,https://img.icons8.com/doodle/48/bartender-mo.png
2,Mr. Burns,3592.0,https://img.icons8.com/doodle/48/charles-montgomery-burns.png
2,Nelson,56.0,https://static.simpsonswiki.com/images/0/0c/Tapped_Out_Nelson_Icon_-_Brave.png
2,Otto,318.0,https://static.simpsonswiki.com/images/4/48/Tapped_Out_Conductor_Otto_Sidebar.png
2,Patty,545.0,https://static.simpsonswiki.com/images/3/31/Tapped_Out_Patty_Sidebar.png
2,Professor Frink,59.0,https://static.simpsonswiki.com/images/0/09/Tapped_Out_Professor_Frink_Icon_-_Deadpan.png
2,Ralph,34.0,https://img.icons8.com/doodle/48/ralf.png
2,Rev. Lovejoy,549.0,https://static.simpsonswiki.com/images/4/40/Tapped_Out_Rev._Lovejoy_Sidebar.png
2,Selma,402.0,https://static.simpsonswiki.com/images/8/8f/Tapped_Out_Selma_Icon.png
2,Smithers,995.0,https://static.simpsonswiki.com/images/3/3a/Tapped_Out_Smithers_Icon.png
3,Apu,413.0,https://static.simpsonswiki.com/images/0/08/Tapped_Out_Apu_Icon_-_Happy.png
3,Barney,418.0,https://img.icons8.com/doodle/48/barney-gumble.png
3,Bart,6333.0,https://img.icons8.com/doodle/48/bart-simpson.png
3,Brockman,1002.0,https://static.simpsonswiki.com/images/3/35/Tapped_Out_Brockman_Sidebar.png
3,Carl,159.0,https://static.simpsonswiki.com/images/a/a4/Tapped_Out_Carl_Icon.png
3,Chief Wiggum,665.0,https://img.icons8.com/doodle/48/clancy-wiggum.png
3,Comic Book Guy,20.0,https://static.simpsonswiki.com/images/a/a9/Tapped_Out_Comic_Book_Guy_Icon.png
3,Dr. Hibbert,129.0,https://static.simpsonswiki.com/images/d/d5/Tapped_Out_Dr._Hibbert_Icon.png
3,Edna Krabappel,869.0,https://static.simpsonswiki.com/images/1/14/Tapped_Out_Mrs._Krabappel_Icon.png
3,Fat Tony,401.0,https://static.simpsonswiki.com/images/1/1b/Tapped_Out_Fat_Tony_Icon.png
3,Flanders,1304.0,https://img.icons8.com/doodle/48/ned-flanders.png
3,Grampa,145.0,https://img.icons8.com/doodle/48/abraham-simpson.png
3,Groundskeeper Willie,144.0,https://static.simpsonswiki.com/images/4/40/Tapped_Out_Chainsaw_Willie_Icon_-_Happy.png
3,Homer,12278.0,https://img.icons8.com/doodle/48/homer-simpson.png
3,Jimbo,26.0,https://static.simpsonswiki.com/images/f/f3/Tapped_Out_Jimbo_Icon.png
3,Kirk,4.0,https://static.simpsonswiki.com/images/6/61/Tapped_Out_Acorn_Kirk_Icon.png
3,Krusty,1224.0,https://img.icons8.com/doodle/48/krusty-the-clown.png
3,Lenny,256.0,https://static.simpsonswiki.com/images/6/6f/Tapped_Out_Lenny_Icon.png
3,Lisa,4013.0,https://img.icons8.com/doodle/48/lisa-simpson.png
3,Lou,225.0,https://static.simpsonswiki.com/images/c/cf/Tapped_Out_Lou_Icon.png
3,Marge,5244.0,https://img.icons8.com/doodle/48/marge-simpson.png
3,Martin Prince,401.0,https://static.simpsonswiki.com/images/d/da/Tapped_Out_Martin_Icon.png
3,Mayor Quimby,233.0,https://static.simpsonswiki.com/images/e/e3/Tapped_Out_Quimby_Icon.png
3,Milhouse,488.0,https://img.icons8.com/doodle/48/milhouse-van-houten.png
3,Moe,1218.0,https://img.icons8.com/doodle/48/bartender-mo.png
3,Mr. Burns,3287.0,https://img.icons8.com/doodle/48/charles-montgomery-burns.png
3,Nelson,205.0,https://static.simpsonswiki.com/images/0/0c/Tapped_Out_Nelson_Icon_-_Brave.png
3,Otto,789.0,https://static.simpsonswiki.com/images/4/48/Tapped_Out_Conductor_Otto_Sidebar.png
3,Patty,463.0,https://static.simpsonswiki.com/images/3/31/Tapped_Out_Patty_Sidebar.png
3,Professor Frink,140.0,https://static.simpsonswiki.com/images/0/09/Tapped_Out_Professor_Frink_Icon_-_Deadpan.png
3,Ralph,75.0,https://img.icons8.com/doodle/48/ralf.png
3,Rev. Lovejoy,170.0,https://static.simpsonswiki.com/images/4/40/Tapped_Out_Rev._Lovejoy_Sidebar.png
3,Selma,675.0,https://static.simpsonswiki.com/images/8/8f/Tapped_Out_Selma_Icon.png
3,Sideshow Bob,970.0,https://static.simpsonswiki.com/images/6/68/Tapped_Out_Sideshow_Bob_Icon_-_Serious.png
3,Sideshow Mel,18.0,https://static.simpsonswiki.com/images/6/6d/Tapped_Out_Sideshow_Mel_Icon.png
3,Smithers,1012.0,https://static.simpsonswiki.com/images/3/3a/Tapped_Out_Smithers_Icon.png
4,Apu,467.0,https://static.simpsonswiki.com/images/0/08/Tapped_Out_Apu_Icon_-_Happy.png
4,Barney,598.0,https://img.icons8.com/doodle/48/barney-gumble.png
4,Bart,4251.0,https://img.icons8.com/doodle/48/bart-simpson.png
4,Brockman,984.0,https://static.simpsonswiki.com/images/3/35/Tapped_Out_Brockman_Sidebar.png
4,Carl,174.0,https://static.simpsonswiki.com/images/a/a4/Tapped_Out_Carl_Icon.png
4,Chalmers,172.0,https://static.simpsonswiki.com/images/5/58/Tapped_Out_Chalmers_Icon.png
4,Chief Wiggum,649.0,https://img.icons8.com/doodle/48/clancy-wiggum.png
4,Dr. Hibbert,377.0,https://static.simpsonswiki.com/images/d/d5/Tapped_Out_Dr._Hibbert_Icon.png
4,Edna Krabappel,287.0,https://static.simpsonswiki.com/images/1/14/Tapped_Out_Mrs._Krabappel_Icon.png
4,Flanders,841.0,https://img.icons8.com/doodle/48/ned-flanders.png
4,Grampa,1274.0,https://img.icons8.com/doodle/48/abraham-simpson.png
4,Groundskeeper Willie,232.0,https://static.simpsonswiki.com/images/4/40/Tapped_Out_Chainsaw_Willie_Icon_-_Happy.png
4,Homer,9535.0,https://img.icons8.com/doodle/48/homer-simpson.png
4,Jimbo,151.0,https://static.simpsonswiki.com/images/f/f3/Tapped_Out_Jimbo_Icon.png
4,Kirk,14.0,https://static.simpsonswiki.com/images/6/61/Tapped_Out_Acorn_Kirk_Icon.png
4,Krusty,1895.0,https://img.icons8.com/doodle/48/krusty-the-clown.png
4,Lenny,124.0,https://static.simpsonswiki.com/images/6/6f/Tapped_Out_Lenny_Icon.png
4,Lisa,2928.0,https://img.icons8.com/doodle/48/lisa-simpson.png
4,Lou,70.0,https://static.simpsonswiki.com/images/c/cf/Tapped_Out_Lou_Icon.png
4,Marge,4172.0,https://img.icons8.com/doodle/48/marge-simpson.png
4,Martin Prince,50.0,https://static.simpsonswiki.com/images/d/da/Tapped_Out_Martin_Icon.png
4,Mayor Quimby,478.0,https://static.simpsonswiki.com/images/e/e3/Tapped_Out_Quimby_Icon.png
4,Milhouse,125.0,https://img.icons8.com/doodle/48/milhouse-van-houten.png
4,Moe,380.0,https://img.icons8.com/doodle/48/bartender-mo.png
4,Mr. Burns,1439.0,https://img.icons8.com/doodle/48/charles-montgomery-burns.png
4,Nelson,123.0,https://static.simpsonswiki.com/images/0/0c/Tapped_Out_Nelson_Icon_-_Brave.png
4,Otto,78.0,https://static.simpsonswiki.com/images/4/48/Tapped_Out_Conductor_Otto_Sidebar.png
4,Patty,235.0,https://static.simpsonswiki.com/images/3/31/Tapped_Out_Patty_Sidebar.png
4,Professor Frink,61.0,https://static.simpsonswiki.com/images/0/09/Tapped_Out_Professor_Frink_Icon_-_Deadpan.png
4,Ralph,301.0,https://img.icons8.com/doodle/48/ralf.png
4,Rev. Lovejoy,328.0,https://static.simpsonswiki.com/images/4/40/Tapped_Out_Rev._Lovejoy_Sidebar.png
4,Selma,426.0,https://static.simpsonswiki.com/images/8/8f/Tapped_Out_Selma_Icon.png
4,Sideshow Mel,78.0,https://static.simpsonswiki.com/images/6/6d/Tapped_Out_Sideshow_Mel_Icon.png
4,Smithers,316.0,https://static.simpsonswiki.com/images/3/3a/Tapped_Out_Smithers_Icon.png
5,Agnes Skinner,42.0,https://static.simpsonswiki.com/images/b/b1/Tapped_Out_Agnes_Sidebar.png
5,Apu,1137.0,https://static.simpsonswiki.com/images/0/08/Tapped_Out_Apu_Icon_-_Happy.png
5,Barney,347.0,https://img.icons8.com/doodle/48/barney-gumble.png
5,Bart,4318.0,https://img.icons8.com/doodle/48/bart-simpson.png
5,Brockman,1282.0,https://static.simpsonswiki.com/images/3/35/Tapped_Out_Brockman_Sidebar.png
5,Carl,166.0,https://static.simpsonswiki.com/images/a/a4/Tapped_Out_Carl_Icon.png
5,Chalmers,195.0,https://static.simpsonswiki.com/images/5/58/Tapped_Out_Chalmers_Icon.png
5,Chief Wiggum,886.0,https://img.icons8.com/doodle/48/clancy-wiggum.png
5,Cletus,9.0,https://static.simpsonswiki.com/images/a/a0/Tapped_Out_Cletus_Icon_-_Smiling.png
5,Comic Book Guy,60.0,https://static.simpsonswiki.com/images/a/a9/Tapped_Out_Comic_Book_Guy_Icon.png
5,Dr. Hibbert,220.0,https://static.simpsonswiki.com/images/d/d5/Tapped_Out_Dr._Hibbert_Icon.png
5,Edna Krabappel,408.0,https://static.simpsonswiki.com/images/1/14/Tapped_Out_Mrs._Krabappel_Icon.png
5,Flanders,1451.0,https://img.icons8.com/doodle/48/ned-flanders.png
5,Grampa,1705.0,https://img.icons8.com/doodle/48/abraham-simpson.png
5,Groundskeeper Willie,264.0,https://static.simpsonswiki.com/images/4/40/Tapped_Out_Chainsaw_Willie_Icon_-_Happy.png
5,Homer,11804.0,https://img.icons8.com/doodle/48/homer-simpson.png
5,Jimbo,126.0,https://static.simpsonswiki.com/images/f/f3/Tapped_Out_Jimbo_Icon.png
5,Kirk,4.0,https://static.simpsonswiki.com/images/6/61/Tapped_Out_Acorn_Kirk_Icon.png
5,Krusty,636.0,https://img.icons8.com/doodle/48/krusty-the-clown.png
5,Lenny,181.0,https://static.simpsonswiki.com/images/6/6f/Tapped_Out_Lenny_Icon.png
5,Lisa,3094.0,https://img.icons8.com/doodle/48/lisa-simpson.png
5,Lou,30.0,https://static.simpsonswiki.com/images/c/cf/Tapped_Out_Lou_Icon.png
5,Marge,3704.0,https://img.icons8.com/doodle/48/marge-simpson.png
5,Martin Prince,261.0,https://static.simpsonswiki.com/images/d/da/Tapped_Out_Martin_Icon.png
5,Mayor Quimby,346.0,https://static.simpsonswiki.com/images/e/e3/Tapped_Out_Quimby_Icon.png
5,Milhouse,488.0,https://img.icons8.com/doodle/48/milhouse-van-houten.png
5,Moe,579.0,https://img.icons8.com/doodle/48/bartender-mo.png
5,Mr. Burns,2634.0,https://img.icons8.com/doodle/48/charles-montgomery-burns.png
5,Nelson,166.0,https://static.simpsonswiki.com/images/0/0c/Tapped_Out_Nelson_Icon_-_Brave.png
5,Otto,196.0,https://static.simpsonswiki.com/images/4/48/Tapped_Out_Conductor_Otto_Sidebar.png
5,Patty,120.0,https://static.simpsonswiki.com/images/3/31/Tapped_Out_Patty_Sidebar.png
5,Professor Frink,76.0,https://static.simpsonswiki.com/images/0/09/Tapped_Out_Professor_Frink_Icon_-_Deadpan.png
5,Ralph,34.0,https://img.icons8.com/doodle/48/ralf.png
5,Rev. Lovejoy,238.0,https://static.simpsonswiki.com/images/4/40/Tapped_Out_Rev._Lovejoy_Sidebar.png
5,Selma,68.0,https://static.simpsonswiki.com/images/8/8f/Tapped_Out_Selma_Icon.png
5,Sideshow Bob,292.0,https://static.simpsonswiki.com/images/6/68/Tapped_Out_Sideshow_Bob_Icon_-_Serious.png
5,Sideshow Mel,58.0,https://static.simpsonswiki.com/images/6/6d/Tapped_Out_Sideshow_Mel_Icon.png
5,Smithers,831.0,https://static.simpsonswiki.com/images/3/3a/Tapped_Out_Smithers_Icon.png
6,Agnes Skinner,14.0,https://static.simpsonswiki.com/images/b/b1/Tapped_Out_Agnes_Sidebar.png
6,Apu,267.0,https://static.simpsonswiki.com/images/0/08/Tapped_Out_Apu_Icon_-_Happy.png
6,Barney,308.0,https://img.icons8.com/doodle/48/barney-gumble.png
6,Bart,6240.0,https://img.icons8.com/doodle/48/bart-simpson.png
6,Brockman,603.0,https://static.simpsonswiki.com/images/3/35/Tapped_Out_Brockman_Sidebar.png
6,Carl,221.0,https://static.simpsonswiki.com/images/a/a4/Tapped_Out_Carl_Icon.png
6,Chalmers,80.0,https://static.simpsonswiki.com/images/5/58/Tapped_Out_Chalmers_Icon.png
6,Chief Wiggum,746.0,https://img.icons8.com/doodle/48/clancy-wiggum.png
6,Cletus,12.0,https://static.simpsonswiki.com/images/a/a0/Tapped_Out_Cletus_Icon_-_Smiling.png
6,Comic Book Guy,12.0,https://static.simpsonswiki.com/images/a/a9/Tapped_Out_Comic_Book_Guy_Icon.png
6,Dr. Hibbert,277.0,https://static.simpsonswiki.com/images/d/d5/Tapped_Out_Dr._Hibbert_Icon.png
6,Edna Krabappel,552.0,https://static.simpsonswiki.com/images/1/14/Tapped_Out_Mrs._Krabappel_Icon.png
6,Fat Tony,141.0,https://static.simpsonswiki.com/images/1/1b/Tapped_Out_Fat_Tony_Icon.png
6,Flanders,818.0,https://img.icons8.com/doodle/48/ned-flanders.png
6,Grampa,1319.0,https://img.icons8.com/doodle/48/abraham-simpson.png
6,Groundskeeper Willie,372.0,https://static.simpsonswiki.com/images/4/40/Tapped_Out_Chainsaw_Willie_Icon_-_Happy.png
6,Homer,11829.0,https://img.icons8.com/doodle/48/homer-simpson.png
6,Jimbo,202.0,https://static.simpsonswiki.com/images/f/f3/Tapped_Out_Jimbo_Icon.png
6,Kirk,48.0,https://static.simpsonswiki.com/images/6/61/Tapped_Out_Acorn_Kirk_Icon.png
6,Krusty,987.0,https://img.icons8.com/doodle/48/krusty-the-clown.png
6,Lenny,301.0,https://static.simpsonswiki.com/images/6/6f/Tapped_Out_Lenny_Icon.png
6,Lisa,5346.0,https://img.icons8.com/doodle/48/lisa-simpson.png
6,Lou,36.0,https://static.simpsonswiki.com/images/c/cf/Tapped_Out_Lou_Icon.png
6,Marge,6635.0,https://img.icons8.com/doodle/48/marge-simpson.png
6,Martin Prince,192.0,https://static.simpsonswiki.com/images/d/da/Tapped_Out_Martin_Icon.png
6,Mayor Quimby,365.0,https://static.simpsonswiki.com/images/e/e3/Tapped_Out_Quimby_Icon.png
6,Milhouse,741.0,https://img.icons8.com/doodle/48/milhouse-van-houten.png
6,Moe,1020.0,https://img.icons8.com/doodle/48/bartender-mo.png
6,Mr. Burns,1605.0,https://img.icons8.com/doodle/48/charles-montgomery-burns.png
6,Nelson,214.0,https://static.simpsonswiki.com/images/0/0c/Tapped_Out_Nelson_Icon_-_Brave.png
6,Otto,105.0,https://static.simpsonswiki.com/images/4/48/Tapped_Out_Conductor_Otto_Sidebar.png
6,Patty,350.0,https://static.simpsonswiki.com/images/3/31/Tapped_Out_Patty_Sidebar.png
6,Professor Frink,268.0,https://static.simpsonswiki.com/images/0/09/Tapped_Out_Professor_Frink_Icon_-_Deadpan.png
6,Ralph,202.0,https://img.icons8.com/doodle/48/ralf.png
6,Rev. Lovejoy,345.0,https://static.simpsonswiki.com/images/4/40/Tapped_Out_Rev._Lovejoy_Sidebar.png
6,Selma,218.0,https://static.simpsonswiki.com/images/8/8f/Tapped_Out_Selma_Icon.png
6,Sideshow Bob,473.0,https://static.simpsonswiki.com/images/6/68/Tapped_Out_Sideshow_Bob_Icon_-_Serious.png
6,Sideshow Mel,34.0,https://static.simpsonswiki.com/images/6/6d/Tapped_Out_Sideshow_Mel_Icon.png
6,Smithers,528.0,https://static.simpsonswiki.com/images/3/3a/Tapped_Out_Smithers_Icon.png
7,Agnes Skinner,35.0,https://static.simpsonswiki.com/images/b/b1/Tapped_Out_Agnes_Sidebar.png
7,Apu,1526.0,https://static.simpsonswiki.com/images/0/08/Tapped_Out_Apu_Icon_-_Happy.png
7,Barney,133.0,https://img.icons8.com/doodle/48/barney-gumble.png
7,Bart,5555.0,https://img.icons8.com/doodle/48/bart-simpson.png
7,Brockman,552.0,https://static.simpsonswiki.com/images/3/35/Tapped_Out_Brockman_Sidebar.png
7,Carl,108.0,https://static.simpsonswiki.com/images/a/a4/Tapped_Out_Carl_Icon.png
7,Chalmers,258.0,https://static.simpsonswiki.com/images/5/58/Tapped_Out_Chalmers_Icon.png
7,Chief Wiggum,1102.0,https://img.icons8.com/doodle/48/clancy-wiggum.png
7,Cletus,91.0,https://static.simpsonswiki.com/images/a/a0/Tapped_Out_Cletus_Icon_-_Smiling.png
7,Comic Book Guy,500.0,https://static.simpsonswiki.com/images/a/a9/Tapped_Out_Comic_Book_Guy_Icon.png
7,Dr. Hibbert,203.0,https://static.simpsonswiki.com/images/d/d5/Tapped_Out_Dr._Hibbert_Icon.png
7,Edna Krabappel,190.0,https://static.simpsonswiki.com/images/1/14/Tapped_Out_Mrs._Krabappel_Icon.png
7,Fat Tony,86.0,https://static.simpsonswiki.com/images/1/1b/Tapped_Out_Fat_Tony_Icon.png
7,Flanders,1208.0,https://img.icons8.com/doodle/48/ned-flanders.png
7,Grampa,1617.0,https://img.icons8.com/doodle/48/abraham-simpson.png
7,Groundskeeper Willie,184.0,https://static.simpsonswiki.com/images/4/40/Tapped_Out_Chainsaw_Willie_Icon_-_Happy.png
7,Homer,9696.0,https://img.icons8.com/doodle/48/homer-simpson.png
7,Jimbo,55.0,https://static.simpsonswiki.com/images/f/f3/Tapped_Out_Jimbo_Icon.png
7,Kirk,165.0,https://static.simpsonswiki.com/images/6/61/Tapped_Out_Acorn_Kirk_Icon.png
7,Krusty,1262.0,https://img.icons8.com/doodle/48/krusty-the-clown.png
7,Lenny,181.0,https://static.simpsonswiki.com/images/6/6f/Tapped_Out_Lenny_Icon.png
7,Lisa,5271.0,https://img.icons8.com/doodle/48/lisa-simpson.png
7,Lou,160.0,https://static.simpsonswiki.com/images/c/cf/Tapped_Out_Lou_Icon.png
7,Marge,4787.0,https://img.icons8.com/doodle/48/marge-simpson.png
7,Martin Prince,271.0,https://static.simpsonswiki.com/images/d/da/Tapped_Out_Martin_Icon.png
7,Mayor Quimby,383.0,https://static.simpsonswiki.com/images/e/e3/Tapped_Out_Quimby_Icon.png
7,Milhouse,1192.0,https://img.icons8.com/doodle/48/milhouse-van-houten.png
7,Moe,1329.0,https://img.icons8.com/doodle/48/bartender-mo.png
7,Mr. Burns,2886.0,https://img.icons8.com/doodle/48/charles-montgomery-burns.png
7,Nelson,276.0,https://static.simpsonswiki.com/images/0/0c/Tapped_Out_Nelson_Icon_-_Brave.png
7,Otto,216.0,https://static.simpsonswiki.com/images/4/48/Tapped_Out_Conductor_Otto_Sidebar.png
7,Patty,123.0,https://static.simpsonswiki.com/images/3/31/Tapped_Out_Patty_Sidebar.png
7,Professor Frink,246.0,https://static.simpsonswiki.com/images/0/09/Tapped_Out_Professor_Frink_Icon_-_Deadpan.png
7,Ralph,124.0,https://img.icons8.com/doodle/48/ralf.png
7,Rev. Lovejoy,365.0,https://static.simpsonswiki.com/images/4/40/Tapped_Out_Rev._Lovejoy_Sidebar.png
7,Selma,736.0,https://static.simpsonswiki.com/images/8/8f/Tapped_Out_Selma_Icon.png
7,Sideshow Bob,564.0,https://static.simpsonswiki.com/images/6/68/Tapped_Out_Sideshow_Bob_Icon_-_Serious.png
7,Sideshow Mel,187.0,https://static.simpsonswiki.com/images/6/6d/Tapped_Out_Sideshow_Mel_Icon.png
7,Smithers,1550.0,https://static.simpsonswiki.com/images/3/3a/Tapped_Out_Smithers_Icon.png
8,Agnes Skinner,221.0,https://static.simpsonswiki.com/images/b/b1/Tapped_Out_Agnes_Sidebar.png
8,Apu,224.0,https://static.simpsonswiki.com/images/0/08/Tapped_Out_Apu_Icon_-_Happy.png
8,Barney,278.0,https://img.icons8.com/doodle/48/barney-gumble.png
8,Bart,4700.0,https://img.icons8.com/doodle/48/bart-simpson.png
8,Brockman,1127.0,https://static.simpsonswiki.com/images/3/35/Tapped_Out_Brockman_Sidebar.png
8,Carl,190.0,https://static.simpsonswiki.com/images/a/a4/Tapped_Out_Carl_Icon.png
8,Chalmers,348.0,https://static.simpsonswiki.com/images/5/58/Tapped_Out_Chalmers_Icon.png
8,Chief Wiggum,1653.0,https://img.icons8.com/doodle/48/clancy-wiggum.png
8,Cletus,94.0,https://static.simpsonswiki.com/images/a/a0/Tapped_Out_Cletus_Icon_-_Smiling.png
8,Comic Book Guy,265.0,https://static.simpsonswiki.com/images/a/a9/Tapped_Out_Comic_Book_Guy_Icon.png
8,Dr. Hibbert,552.0,https://static.simpsonswiki.com/images/d/d5/Tapped_Out_Dr._Hibbert_Icon.png
8,Edna Krabappel,615.0,https://static.simpsonswiki.com/images/1/14/Tapped_Out_Mrs._Krabappel_Icon.png
8,Fat Tony,231.0,https://static.simpsonswiki.com/images/1/1b/Tapped_Out_Fat_Tony_Icon.png
8,Flanders,2012.0,https://img.icons8.com/doodle/48/ned-flanders.png
8,Grampa,590.0,https://img.icons8.com/doodle/48/abraham-simpson.png
8,Groundskeeper Willie,195.0,https://static.simpsonswiki.com/images/4/40/Tapped_Out_Chainsaw_Willie_Icon_-_Happy.png
8,Homer,10376.0,https://img.icons8.com/doodle/48/homer-simpson.png
8,Jimbo,78.0,https://static.simpsonswiki.com/images/f/f3/Tapped_Out_Jimbo_Icon.png
8,Kirk,581.0,https://static.simpsonswiki.com/images/6/61/Tapped_Out_Acorn_Kirk_Icon.png
8,Krusty,689.0,https://img.icons8.com/doodle/48/krusty-the-clown.png
8,Lenny,383.0,https://static.simpsonswiki.com/images/6/6f/Tapped_Out_Lenny_Icon.png
8,Lisa,4464.0,https://img.icons8.com/doodle/48/lisa-simpson.png
8,Lou,96.0,https://static.simpsonswiki.com/images/c/cf/Tapped_Out_Lou_Icon.png
8,Marge,5779.0,https://img.icons8.com/doodle/48/marge-simpson.png
8,Martin Prince,92.0,https://static.simpsonswiki.com/images/d/da/Tapped_Out_Martin_Icon.png
8,Mayor Quimby,307.0,https://static.simpsonswiki.com/images/e/e3/Tapped_Out_Quimby_Icon.png
8,Milhouse,472.0,https://img.icons8.com/doodle/48/milhouse-van-houten.png
8,Moe,1876.0,https://img.icons8.com/doodle/48/bartender-mo.png
8,Mr. Burns,3161.0,https://img.icons8.com/doodle/48/charles-montgomery-burns.png
8,Nelson,559.0,https://static.simpsonswiki.com/images/0/0c/Tapped_Out_Nelson_Icon_-_Brave.png
8,Otto,91.0,https://static.simpsonswiki.com/images/4/48/Tapped_Out_Conductor_Otto_Sidebar.png
8,Patty,22.0,https://static.simpsonswiki.com/images/3/31/Tapped_Out_Patty_Sidebar.png
8,Professor Frink,119.0,https://static.simpsonswiki.com/images/0/09/Tapped_Out_Professor_Frink_Icon_-_Deadpan.png
8,Ralph,122.0,https://img.icons8.com/doodle/48/ralf.png
8,Rev. Lovejoy,922.0,https://static.simpsonswiki.com/images/4/40/Tapped_Out_Rev._Lovejoy_Sidebar.png
8,Selma,1.0,https://static.simpsonswiki.com/images/8/8f/Tapped_Out_Selma_Icon.png
8,Sideshow Bob,988.0,https://static.simpsonswiki.com/images/6/68/Tapped_Out_Sideshow_Bob_Icon_-_Serious.png
8,Sideshow Mel,58.0,https://static.simpsonswiki.com/images/6/6d/Tapped_Out_Sideshow_Mel_Icon.png
8,Smithers,830.0,https://static.simpsonswiki.com/images/3/3a/Tapped_Out_Smithers_Icon.png
9,Agnes Skinner,434.0,https://static.simpsonswiki.com/images/b/b1/Tapped_Out_Agnes_Sidebar.png
9,Apu,1155.0,https://static.simpsonswiki.com/images/0/08/Tapped_Out_Apu_Icon_-_Happy.png
9,Barney,244.0,https://img.icons8.com/doodle/48/barney-gumble.png
9,Bart,5315.0,https://img.icons8.com/doodle/48/bart-simpson.png
9,Brockman,1066.0,https://static.simpsonswiki.com/images/3/35/Tapped_Out_Brockman_Sidebar.png
9,Carl,199.0,https://static.simpsonswiki.com/images/a/a4/Tapped_Out_Carl_Icon.png
9,Chalmers,193.0,https://static.simpsonswiki.com/images/5/58/Tapped_Out_Chalmers_Icon.png
9,Chief Wiggum,964.0,https://img.icons8.com/doodle/48/clancy-wiggum.png
9,Cletus,82.0,https://static.simpsonswiki.com/images/a/a0/Tapped_Out_Cletus_Icon_-_Smiling.png
9,Comic Book Guy,123.0,https://static.simpsonswiki.com/images/a/a9/Tapped_Out_Comic_Book_Guy_Icon.png
9,Dr. Hibbert,390.0,https://static.simpsonswiki.com/images/d/d5/Tapped_Out_Dr._Hibbert_Icon.png
9,Duffman,54.0,https://static.simpsonswiki.com/images/1/18/Tapped_Out_Duffman_Icon.png
9,Edna Krabappel,204.0,https://static.simpsonswiki.com/images/1/14/Tapped_Out_Mrs._Krabappel_Icon.png
9,Flanders,1297.0,https://img.icons8.com/doodle/48/ned-flanders.png
9,Grampa,688.0,https://img.icons8.com/doodle/48/abraham-simpson.png
9,Groundskeeper Willie,291.0,https://static.simpsonswiki.com/images/4/40/Tapped_Out_Chainsaw_Willie_Icon_-_Happy.png
9,Homer,13377.0,https://img.icons8.com/doodle/48/homer-simpson.png
9,Jimbo,119.0,https://static.simpsonswiki.com/images/f/f3/Tapped_Out_Jimbo_Icon.png
9,Kirk,19.0,https://static.simpsonswiki.com/images/6/61/Tapped_Out_Acorn_Kirk_Icon.png
9,Krusty,1395.0,https://img.icons8.com/doodle/48/krusty-the-clown.png
9,Lenny,342.0,https://static.simpsonswiki.com/images/6/6f/Tapped_Out_Lenny_Icon.png
9,Lisa,5095.0,https://img.icons8.com/doodle/48/lisa-simpson.png
9,Lou,48.0,https://static.simpsonswiki.com/images/c/cf/Tapped_Out_Lou_Icon.png
9,Marge,5658.0,https://img.icons8.com/doodle/48/marge-simpson.png
9,Martin Prince,71.0,https://static.simpsonswiki.com/images/d/da/Tapped_Out_Martin_Icon.png
9,Mayor Quimby,343.0,https://static.simpsonswiki.com/images/e/e3/Tapped_Out_Quimby_Icon.png
9,Milhouse,501.0,https://img.icons8.com/doodle/48/milhouse-van-houten.png
9,Moe,2240.0,https://img.icons8.com/doodle/48/bartender-mo.png
9,Mr. Burns,935.0,https://img.icons8.com/doodle/48/charles-montgomery-burns.png
9,Nelson,461.0,https://static.simpsonswiki.com/images/0/0c/Tapped_Out_Nelson_Icon_-_Brave.png
9,Otto,146.0,https://static.simpsonswiki.com/images/4/48/Tapped_Out_Conductor_Otto_Sidebar.png
9,Patty,49.0,https://static.simpsonswiki.com/images/3/31/Tapped_Out_Patty_Sidebar.png
9,Professor Frink,133.0,https://static.simpsonswiki.com/images/0/09/Tapped_Out_Professor_Frink_Icon_-_Deadpan.png
9,Ralph,434.0,https://img.icons8.com/doodle/48/ralf.png
9,Rev. Lovejoy,262.0,https://static.simpsonswiki.com/images/4/40/Tapped_Out_Rev._Lovejoy_Sidebar.png
9,Selma,91.0,https://static.simpsonswiki.com/images/8/8f/Tapped_Out_Selma_Icon.png
9,Sideshow Mel,121.0,https://static.simpsonswiki.com/images/6/6d/Tapped_Out_Sideshow_Mel_Icon.png
9,Smithers,272.0,https://static.simpsonswiki.com/images/3/3a/Tapped_Out_Smithers_Icon.png
10,Agnes Skinner,54.0,https://static.simpsonswiki.com/images/b/b1/Tapped_Out_Agnes_Sidebar.png
10,Apu,536.0,https://static.simpsonswiki.com/images/0/08/Tapped_Out_Apu_Icon_-_Happy.png
10,Barney,116.0,https://img.icons8.com/doodle/48/barney-gumble.png
10,Bart,3566.0,https://img.icons8.com/doodle/48/bart-simpson.png
10,Brockman,697.0,https://static.simpsonswiki.com/images/3/35/Tapped_Out_Brockman_Sidebar.png
10,Carl,284.0,https://static.simpsonswiki.com/images/a/a4/Tapped_Out_Carl_Icon.png
10,Chalmers,233.0,https://static.simpsonswiki.com/images/5/58/Tapped_Out_Chalmers_Icon.png
10,Chief Wiggum,1399.0,https://img.icons8.com/doodle/48/clancy-wiggum.png
10,Cletus,37.0,https://static.simpsonswiki.com/images/a/a0/Tapped_Out_Cletus_Icon_-_Smiling.png
10,Comic Book Guy,308.0,https://static.simpsonswiki.com/images/a/a9/Tapped_Out_Comic_Book_Guy_Icon.png
10,Dr. Hibbert,561.0,https://static.simpsonswiki.com/images/d/d5/Tapped_Out_Dr._Hibbert_Icon.png
10,Edna Krabappel,114.0,https://static.simpsonswiki.com/images/1/14/Tapped_Out_Mrs._Krabappel_Icon.png
10,Fat Tony,144.0,https://static.simpsonswiki.com/images/1/1b/Tapped_Out_Fat_Tony_Icon.png
10,Flanders,1360.0,https://img.icons8.com/doodle/48/ned-flanders.png
10,Grampa,696.0,https://img.icons8.com/doodle/48/abraham-simpson.png
10,Groundskeeper Willie,329.0,https://static.simpsonswiki.com/images/4/40/Tapped_Out_Chainsaw_Willie_Icon_-_Happy.png
10,Homer,15424.0,https://img.icons8.com/doodle/48/homer-simpson.png
10,Jimbo,9.0,https://static.simpsonswiki.com/images/f/f3/Tapped_Out_Jimbo_Icon.png
10,Kirk,18.0,https://static.simpsonswiki.com/images/6/61/Tapped_Out_Acorn_Kirk_Icon.png
10,Krusty,317.0,https://img.icons8.com/doodle/48/krusty-the-clown.png
10,Lenny,421.0,https://static.simpsonswiki.com/images/6/6f/Tapped_Out_Lenny_Icon.png
10,Lisa,4659.0,https://img.icons8.com/doodle/48/lisa-simpson.png
10,Lou,111.0,https://static.simpsonswiki.com/images/c/cf/Tapped_Out_Lou_Icon.png
10,Marge,5461.0,https://img.icons8.com/doodle/48/marge-simpson.png
10,Martin Prince,29.0,https://static.simpsonswiki.com/images/d/da/Tapped_Out_Martin_Icon.png
10,Mayor Quimby,458.0,https://static.simpsonswiki.com/images/e/e3/Tapped_Out_Quimby_Icon.png
10,Milhouse,399.0,https://img.icons8.com/doodle/48/milhouse-van-houten.png
10,Moe,864.0,https://img.icons8.com/doodle/48/bartender-mo.png
10,Mr. Burns,1124.0,https://img.icons8.com/doodle/48/charles-montgomery-burns.png
10,Nelson,563.0,https://static.simpsonswiki.com/images/0/0c/Tapped_Out_Nelson_Icon_-_Brave.png
10,Otto,53.0,https://static.simpsonswiki.com/images/4/48/Tapped_Out_Conductor_Otto_Sidebar.png
10,Patty,12.0,https://static.simpsonswiki.com/images/3/31/Tapped_Out_Patty_Sidebar.png
10,Professor Frink,429.0,https://static.simpsonswiki.com/images/0/09/Tapped_Out_Professor_Frink_Icon_-_Deadpan.png
10,Ralph,138.0,https://img.icons8.com/doodle/48/ralf.png
10,Rev. Lovejoy,282.0,https://static.simpsonswiki.com/images/4/40/Tapped_Out_Rev._Lovejoy_Sidebar.png
10,Selma,16.0,https://static.simpsonswiki.com/images/8/8f/Tapped_Out_Selma_Icon.png
10,Sideshow Mel,30.0,https://static.simpsonswiki.com/images/6/6d/Tapped_Out_Sideshow_Mel_Icon.png
10,Smithers,134.0,https://static.simpsonswiki.com/images/3/3a/Tapped_Out_Smithers_Icon.png
11,Agnes Skinner,46.0,https://static.simpsonswiki.com/images/b/b1/Tapped_Out_Agnes_Sidebar.png
11,Apu,917.0,https://static.simpsonswiki.com/images/0/08/Tapped_Out_Apu_Icon_-_Happy.png
11,Barney,438.0,https://img.icons8.com/doodle/48/barney-gumble.png
11,Bart,4292.0,https://img.icons8.com/doodle/48/bart-simpson.png
11,Brockman,597.0,https://static.simpsonswiki.com/images/3/35/Tapped_Out_Brockman_Sidebar.png
11,Carl,334.0,https://static.simpsonswiki.com/images/a/a4/Tapped_Out_Carl_Icon.png
11,Chief Wiggum,787.0,https://img.icons8.com/doodle/48/clancy-wiggum.png
11,Cletus,46.0,https://static.simpsonswiki.com/images/a/a0/Tapped_Out_Cletus_Icon_-_Smiling.png
11,Comic Book Guy,341.0,https://static.simpsonswiki.com/images/a/a9/Tapped_Out_Comic_Book_Guy_Icon.png
11,Dr. Hibbert,394.0,https://static.simpsonswiki.com/images/d/d5/Tapped_Out_Dr._Hibbert_Icon.png
11,Duffman,197.0,https://static.simpsonswiki.com/images/1/18/Tapped_Out_Duffman_Icon.png
11,Edna Krabappel,121.0,https://static.simpsonswiki.com/images/1/14/Tapped_Out_Mrs._Krabappel_Icon.png
11,Fat Tony,108.0,https://static.simpsonswiki.com/images/1/1b/Tapped_Out_Fat_Tony_Icon.png
11,Flanders,1359.0,https://img.icons8.com/doodle/48/ned-flanders.png
11,Grampa,57.0,https://img.icons8.com/doodle/48/abraham-simpson.png
11,Groundskeeper Willie,47.0,https://static.simpsonswiki.com/images/4/40/Tapped_Out_Chainsaw_Willie_Icon_-_Happy.png
11,Homer,12855.0,https://img.icons8.com/doodle/48/homer-simpson.png
11,Jimbo,6.0,https://static.simpsonswiki.com/images/f/f3/Tapped_Out_Jimbo_Icon.png
11,Kirk,18.0,https://static.simpsonswiki.com/images/6/61/Tapped_Out_Acorn_Kirk_Icon.png
11,Krusty,434.0,https://img.icons8.com/doodle/48/krusty-the-clown.png
11,Lenny,464.0,https://static.simpsonswiki.com/images/6/6f/Tapped_Out_Lenny_Icon.png
11,Lisa,3972.0,https://img.icons8.com/doodle/48/lisa-simpson.png
11,Lou,61.0,https://static.simpsonswiki.com/images/c/cf/Tapped_Out_Lou_Icon.png
11,Marge,4906.0,https://img.icons8.com/doodle/48/marge-simpson.png
11,Martin Prince,24.0,https://static.simpsonswiki.com/images/d/da/Tapped_Out_Martin_Icon.png
11,Milhouse,462.0,https://img.icons8.com/doodle/48/milhouse-van-houten.png
11,Moe,1689.0,https://img.icons8.com/doodle/48/bartender-mo.png
11,Mr. Burns,574.0,https://img.icons8.com/doodle/48/charles-montgomery-burns.png
11,Nelson,253.0,https://static.simpsonswiki.com/images/0/0c/Tapped_Out_Nelson_Icon_-_Brave.png
11,Otto,125.0,https://static.simpsonswiki.com/images/4/48/Tapped_Out_Conductor_Otto_Sidebar.png
11,Patty,73.0,https://static.simpsonswiki.com/images/3/31/Tapped_Out_Patty_Sidebar.png
11,Professor Frink,207.0,https://static.simpsonswiki.com/images/0/09/Tapped_Out_Professor_Frink_Icon_-_Deadpan.png
11,Ralph,231.0,https://img.icons8.com/doodle/48/ralf.png
11,Rev. Lovejoy,371.0,https://static.simpsonswiki.com/images/4/40/Tapped_Out_Rev._Lovejoy_Sidebar.png
11,Selma,50.0,https://static.simpsonswiki.com/images/8/8f/Tapped_Out_Selma_Icon.png
11,Sideshow Mel,669.0,https://static.simpsonswiki.com/images/6/6d/Tapped_Out_Sideshow_Mel_Icon.png
11,Smithers,62.0,https://static.simpsonswiki.com/images/3/3a/Tapped_Out_Smithers_Icon.png
12,Agnes Skinner,178.0,https://static.simpsonswiki.com/images/b/b1/Tapped_Out_Agnes_Sidebar.png
12,Apu,193.0,https://static.simpsonswiki.com/images/0/08/Tapped_Out_Apu_Icon_-_Happy.png
12,Barney,70.0,https://img.icons8.com/doodle/48/barney-gumble.png
12,Bart,2922.0,https://img.icons8.com/doodle/48/bart-simpson.png
12,Brockman,940.0,https://static.simpsonswiki.com/images/3/35/Tapped_Out_Brockman_Sidebar.png
12,Carl,418.0,https://static.simpsonswiki.com/images/a/a4/Tapped_Out_Carl_Icon.png
12,Chalmers,68.0,https://static.simpsonswiki.com/images/5/58/Tapped_Out_Chalmers_Icon.png
12,Chief Wiggum,1105.0,https://img.icons8.com/doodle/48/clancy-wiggum.png
12,Cletus,89.0,https://static.simpsonswiki.com/images/a/a0/Tapped_Out_Cletus_Icon_-_Smiling.png
12,Comic Book Guy,524.0,https://static.simpsonswiki.com/images/a/a9/Tapped_Out_Comic_Book_Guy_Icon.png
12,Dr. Hibbert,611.0,https://static.simpsonswiki.com/images/d/d5/Tapped_Out_Dr._Hibbert_Icon.png
12,Duffman,48.0,https://static.simpsonswiki.com/images/1/18/Tapped_Out_Duffman_Icon.png
12,Edna Krabappel,54.0,https://static.simpsonswiki.com/images/1/14/Tapped_Out_Mrs._Krabappel_Icon.png
12,Fat Tony,147.0,https://static.simpsonswiki.com/images/1/1b/Tapped_Out_Fat_Tony_Icon.png
12,Flanders,1325.0,https://img.icons8.com/doodle/48/ned-flanders.png
12,Grampa,296.0,https://img.icons8.com/doodle/48/abraham-simpson.png
12,Groundskeeper Willie,220.0,https://static.simpsonswiki.com/images/4/40/Tapped_Out_Chainsaw_Willie_Icon_-_Happy.png
12,Homer,10658.0,https://img.icons8.com/doodle/48/homer-simpson.png
12,Jimbo,33.0,https://static.simpsonswiki.com/images/f/f3/Tapped_Out_Jimbo_Icon.png
12,Kirk,62.0,https://static.simpsonswiki.com/images/6/61/Tapped_Out_Acorn_Kirk_Icon.png
12,Krusty,1872.0,https://img.icons8.com/doodle/48/krusty-the-clown.png
12,Lenny,502.0,https://static.simpsonswiki.com/images/6/6f/Tapped_Out_Lenny_Icon.png
12,Lisa,3381.0,https://img.icons8.com/doodle/48/lisa-simpson.png
12,Lou,280.0,https://static.simpsonswiki.com/images/c/cf/Tapped_Out_Lou_Icon.png
12,Marge,3488.0,https://img.icons8.com/doodle/48/marge-simpson.png
12,Martin Prince,53.0,https://static.simpsonswiki.com/images/d/da/Tapped_Out_Martin_Icon.png
12,Mayor Quimby,160.0,https://static.simpsonswiki.com/images/e/e3/Tapped_Out_Quimby_Icon.png
12,Milhouse,679.0,https://img.icons8.com/doodle/48/milhouse-van-houten.png
12,Moe,696.0,https://img.icons8.com/doodle/48/bartender-mo.png
12,Mr. Burns,644.0,https://img.icons8.com/doodle/48/charles-montgomery-burns.png
12,Nelson,388.0,https://static.simpsonswiki.com/images/0/0c/Tapped_Out_Nelson_Icon_-_Brave.png
12,Otto,47.0,https://static.simpsonswiki.com/images/4/48/Tapped_Out_Conductor_Otto_Sidebar.png
12,Patty,9.0,https://static.simpsonswiki.com/images/3/31/Tapped_Out_Patty_Sidebar.png
12,Professor Frink,304.0,https://static.simpsonswiki.com/images/0/09/Tapped_Out_Professor_Frink_Icon_-_Deadpan.png
12,Ralph,192.0,https://img.icons8.com/doodle/48/ralf.png
12,Rev. Lovejoy,136.0,https://static.simpsonswiki.com/images/4/40/Tapped_Out_Rev._Lovejoy_Sidebar.png
12,Selma,5.0,https://static.simpsonswiki.com/images/8/8f/Tapped_Out_Selma_Icon.png
12,Sideshow Bob,549.0,https://static.simpsonswiki.com/images/6/68/Tapped_Out_Sideshow_Bob_Icon_-_Serious.png
12,Sideshow Mel,108.0,https://static.simpsonswiki.com/images/6/6d/Tapped_Out_Sideshow_Mel_Icon.png
12,Smithers,138.0,https://static.simpsonswiki.com/images/3/3a/Tapped_Out_Smithers_Icon.png
13,Agnes Skinner,89.0,https://static.simpsonswiki.com/images/b/b1/Tapped_Out_Agnes_Sidebar.png
13,Apu,778.0,https://static.simpsonswiki.com/images/0/08/Tapped_Out_Apu_Icon_-_Happy.png
13,Barney,139.0,https://img.icons8.com/doodle/48/barney-gumble.png
13,Bart,3094.0,https://img.icons8.com/doodle/48/bart-simpson.png
13,Brockman,409.0,https://static.simpsonswiki.com/images/3/35/Tapped_Out_Brockman_Sidebar.png
13,Carl,554.0,https://static.simpsonswiki.com/images/a/a4/Tapped_Out_Carl_Icon.png
13,Chalmers,25.0,https://static.simpsonswiki.com/images/5/58/Tapped_Out_Chalmers_Icon.png
13,Chief Wiggum,1126.0,https://img.icons8.com/doodle/48/clancy-wiggum.png
13,Cletus,125.0,https://static.simpsonswiki.com/images/a/a0/Tapped_Out_Cletus_Icon_-_Smiling.png
13,Comic Book Guy,194.0,https://static.simpsonswiki.com/images/a/a9/Tapped_Out_Comic_Book_Guy_Icon.png
13,Dr. Hibbert,448.0,https://static.simpsonswiki.com/images/d/d5/Tapped_Out_Dr._Hibbert_Icon.png
13,Duffman,72.0,https://static.simpsonswiki.com/images/1/18/Tapped_Out_Duffman_Icon.png
13,Edna Krabappel,150.0,https://static.simpsonswiki.com/images/1/14/Tapped_Out_Mrs._Krabappel_Icon.png
13,Fat Tony,150.0,https://static.simpsonswiki.com/images/1/1b/Tapped_Out_Fat_Tony_Icon.png
13,Flanders,542.0,https://img.icons8.com/doodle/48/ned-flanders.png
13,Grampa,1066.0,https://img.icons8.com/doodle/48/abraham-simpson.png
13,Groundskeeper Willie,140.0,https://static.simpsonswiki.com/images/4/40/Tapped_Out_Chainsaw_Willie_Icon_-_Happy.png
13,Homer,10149.0,https://img.icons8.com/doodle/48/homer-simpson.png
13,Jimbo,56.0,https://static.simpsonswiki.com/images/f/f3/Tapped_Out_Jimbo_Icon.png
13,Kirk,120.0,https://static.simpsonswiki.com/images/6/61/Tapped_Out_Acorn_Kirk_Icon.png
13,Krusty,534.0,https://img.icons8.com/doodle/48/krusty-the-clown.png
13,Lenny,730.0,https://static.simpsonswiki.com/images/6/6f/Tapped_Out_Lenny_Icon.png
13,Lisa,3257.0,https://img.icons8.com/doodle/48/lisa-simpson.png
13,Lou,138.0,https://static.simpsonswiki.com/images/c/cf/Tapped_Out_Lou_Icon.png
13,Marge,5129.0,https://img.icons8.com/doodle/48/marge-simpson.png
13,Martin Prince,42.0,https://static.simpsonswiki.com/images/d/da/Tapped_Out_Martin_Icon.png
13,Mayor Quimby,204.0,https://static.simpsonswiki.com/images/e/e3/Tapped_Out_Quimby_Icon.png
13,Milhouse,474.0,https://img.icons8.com/doodle/48/milhouse-van-houten.png
13,Moe,1880.0,https://img.icons8.com/doodle/48/bartender-mo.png
13,Mr. Burns,1610.0,https://img.icons8.com/doodle/48/charles-montgomery-burns.png
13,Nelson,104.0,https://static.simpsonswiki.com/images/0/0c/Tapped_Out_Nelson_Icon_-_Brave.png
13,Otto,141.0,https://static.simpsonswiki.com/images/4/48/Tapped_Out_Conductor_Otto_Sidebar.png
13,Patty,173.0,https://static.simpsonswiki.com/images/3/31/Tapped_Out_Patty_Sidebar.png
13,Professor Frink,113.0,https://static.simpsonswiki.com/images/0/09/Tapped_Out_Professor_Frink_Icon_-_Deadpan.png
13,Ralph,107.0,https://img.icons8.com/doodle/48/ralf.png
13,Rev. Lovejoy,242.0,https://static.simpsonswiki.com/images/4/40/Tapped_Out_Rev._Lovejoy_Sidebar.png
13,Selma,49.0,https://static.simpsonswiki.com/images/8/8f/Tapped_Out_Selma_Icon.png
13,Sideshow Mel,62.0,https://static.simpsonswiki.com/images/6/6d/Tapped_Out_Sideshow_Mel_Icon.png
13,Smithers,243.0,https://static.simpsonswiki.com/images/3/3a/Tapped_Out_Smithers_Icon.png
14,Agnes Skinner,77.0,https://static.simpsonswiki.com/images/b/b1/Tapped_Out_Agnes_Sidebar.png
14,Apu,319.0,https://static.simpsonswiki.com/images/0/08/Tapped_Out_Apu_Icon_-_Happy.png
14,Barney,119.0,https://img.icons8.com/doodle/48/barney-gumble.png
14,Bart,3752.0,https://img.icons8.com/doodle/48/bart-simpson.png
14,Brockman,519.0,https://static.simpsonswiki.com/images/3/35/Tapped_Out_Brockman_Sidebar.png
14,Carl,396.0,https://static.simpsonswiki.com/images/a/a4/Tapped_Out_Carl_Icon.png
14,Chalmers,41.0,https://static.simpsonswiki.com/images/5/58/Tapped_Out_Chalmers_Icon.png
14,Chief Wiggum,986.0,https://img.icons8.com/doodle/48/clancy-wiggum.png
14,Cletus,204.0,https://static.simpsonswiki.com/images/a/a0/Tapped_Out_Cletus_Icon_-_Smiling.png
14,Comic Book Guy,152.0,https://static.simpsonswiki.com/images/a/a9/Tapped_Out_Comic_Book_Guy_Icon.png
14,Dr. Hibbert,535.0,https://static.simpsonswiki.com/images/d/d5/Tapped_Out_Dr._Hibbert_Icon.png
14,Duffman,177.0,https://static.simpsonswiki.com/images/1/18/Tapped_Out_Duffman_Icon.png
14,Edna Krabappel,312.0,https://static.simpsonswiki.com/images/1/14/Tapped_Out_Mrs._Krabappel_Icon.png
14,Fat Tony,95.0,https://static.simpsonswiki.com/images/1/1b/Tapped_Out_Fat_Tony_Icon.png
14,Flanders,1668.0,https://img.icons8.com/doodle/48/ned-flanders.png
14,Grampa,221.0,https://img.icons8.com/doodle/48/abraham-simpson.png
14,Groundskeeper Willie,127.0,https://static.simpsonswiki.com/images/4/40/Tapped_Out_Chainsaw_Willie_Icon_-_Happy.png
14,Homer,11891.0,https://img.icons8.com/doodle/48/homer-simpson.png
14,Jimbo,53.0,https://static.simpsonswiki.com/images/f/f3/Tapped_Out_Jimbo_Icon.png
14,Kirk,127.0,https://static.simpsonswiki.com/images/6/61/Tapped_Out_Acorn_Kirk_Icon.png
14,Krusty,1053.0,https://img.icons8.com/doodle/48/krusty-the-clown.png
14,Lenny,470.0,https://static.simpsonswiki.com/images/6/6f/Tapped_Out_Lenny_Icon.png
14,Lisa,4063.0,https://img.icons8.com/doodle/48/lisa-simpson.png
14,Lou,179.0,https://static.simpsonswiki.com/images/c/cf/Tapped_Out_Lou_Icon.png
14,Marge,5219.0,https://img.icons8.com/doodle/48/marge-simpson.png
14,Martin Prince,65.0,https://static.simpsonswiki.com/images/d/da/Tapped_Out_Martin_Icon.png
14,Mayor Quimby,305.0,https://static.simpsonswiki.com/images/e/e3/Tapped_Out_Quimby_Icon.png
14,Milhouse,671.0,https://img.icons8.com/doodle/48/milhouse-van-houten.png
14,Moe,1973.0,https://img.icons8.com/doodle/48/bartender-mo.png
14,Mr. Burns,716.0,https://img.icons8.com/doodle/48/charles-montgomery-burns.png
14,Nelson,268.0,https://static.simpsonswiki.com/images/0/0c/Tapped_Out_Nelson_Icon_-_Brave.png
14,Otto,91.0,https://static.simpsonswiki.com/images/4/48/Tapped_Out_Conductor_Otto_Sidebar.png
14,Patty,17.0,https://static.simpsonswiki.com/images/3/31/Tapped_Out_Patty_Sidebar.png
14,Professor Frink,210.0,https://static.simpsonswiki.com/images/0/09/Tapped_Out_Professor_Frink_Icon_-_Deadpan.png
14,Ralph,126.0,https://img.icons8.com/doodle/48/ralf.png
14,Rev. Lovejoy,160.0,https://static.simpsonswiki.com/images/4/40/Tapped_Out_Rev._Lovejoy_Sidebar.png
14,Selma,10.0,https://static.simpsonswiki.com/images/8/8f/Tapped_Out_Selma_Icon.png
14,Sideshow Bob,556.0,https://static.simpsonswiki.com/images/6/68/Tapped_Out_Sideshow_Bob_Icon_-_Serious.png
14,Sideshow Mel,124.0,https://static.simpsonswiki.com/images/6/6d/Tapped_Out_Sideshow_Mel_Icon.png
14,Smithers,121.0,https://static.simpsonswiki.com/images/3/3a/Tapped_Out_Smithers_Icon.png
15,Agnes Skinner,138.0,https://static.simpsonswiki.com/images/b/b1/Tapped_Out_Agnes_Sidebar.png
15,Apu,264.0,https://static.simpsonswiki.com/images/0/08/Tapped_Out_Apu_Icon_-_Happy.png
15,Barney,125.0,https://img.icons8.com/doodle/48/barney-gumble.png
15,Bart,4054.0,https://img.icons8.com/doodle/48/bart-simpson.png
15,Brockman,1003.0,https://static.simpsonswiki.com/images/3/35/Tapped_Out_Brockman_Sidebar.png
15,Carl,343.0,https://static.simpsonswiki.com/images/a/a4/Tapped_Out_Carl_Icon.png
15,Chalmers,185.0,https://static.simpsonswiki.com/images/5/58/Tapped_Out_Chalmers_Icon.png
15,Chief Wiggum,958.0,https://img.icons8.com/doodle/48/clancy-wiggum.png
15,Cletus,85.0,https://static.simpsonswiki.com/images/a/a0/Tapped_Out_Cletus_Icon_-_Smiling.png
15,Comic Book Guy,483.0,https://static.simpsonswiki.com/images/a/a9/Tapped_Out_Comic_Book_Guy_Icon.png
15,Dr. Hibbert,358.0,https://static.simpsonswiki.com/images/d/d5/Tapped_Out_Dr._Hibbert_Icon.png
15,Duffman,48.0,https://static.simpsonswiki.com/images/1/18/Tapped_Out_Duffman_Icon.png
15,Edna Krabappel,448.0,https://static.simpsonswiki.com/images/1/14/Tapped_Out_Mrs._Krabappel_Icon.png
15,Flanders,548.0,https://img.icons8.com/doodle/48/ned-flanders.png
15,Grampa,550.0,https://img.icons8.com/doodle/48/abraham-simpson.png
15,Groundskeeper Willie,310.0,https://static.simpsonswiki.com/images/4/40/Tapped_Out_Chainsaw_Willie_Icon_-_Happy.png
15,Homer,11082.0,https://img.icons8.com/doodle/48/homer-simpson.png
15,Jimbo,44.0,https://static.simpsonswiki.com/images/f/f3/Tapped_Out_Jimbo_Icon.png
15,Kirk,107.0,https://static.simpsonswiki.com/images/6/61/Tapped_Out_Acorn_Kirk_Icon.png
15,Krusty,898.0,https://img.icons8.com/doodle/48/krusty-the-clown.png
15,Lenny,455.0,https://static.simpsonswiki.com/images/6/6f/Tapped_Out_Lenny_Icon.png
15,Lisa,4844.0,https://img.icons8.com/doodle/48/lisa-simpson.png
15,Lou,199.0,https://static.simpsonswiki.com/images/c/cf/Tapped_Out_Lou_Icon.png
15,Marge,5692.0,https://img.icons8.com/doodle/48/marge-simpson.png
15,Martin Prince,106.0,https://static.simpsonswiki.com/images/d/da/Tapped_Out_Martin_Icon.png
15,Mayor Quimby,242.0,https://static.simpsonswiki.com/images/e/e3/Tapped_Out_Quimby_Icon.png
15,Milhouse,761.0,https://img.icons8.com/doodle/48/milhouse-van-houten.png
15,Moe,835.0,https://img.icons8.com/doodle/48/bartender-mo.png
15,Mr. Burns,1254.0,https://img.icons8.com/doodle/48/charles-montgomery-burns.png
15,Nelson,305.0,https://static.simpsonswiki.com/images/0/0c/Tapped_Out_Nelson_Icon_-_Brave.png
15,Otto,189.0,https://static.simpsonswiki.com/images/4/48/Tapped_Out_Conductor_Otto_Sidebar.png
15,Patty,113.0,https://static.simpsonswiki.com/images/3/31/Tapped_Out_Patty_Sidebar.png
15,Professor Frink,734.0,https://static.simpsonswiki.com/images/0/09/Tapped_Out_Professor_Frink_Icon_-_Deadpan.png
15,Ralph,102.0,https://img.icons8.com/doodle/48/ralf.png
15,Rev. Lovejoy,133.0,https://static.simpsonswiki.com/images/4/40/Tapped_Out_Rev._Lovejoy_Sidebar.png
15,Selma,201.0,https://static.simpsonswiki.com/images/8/8f/Tapped_Out_Selma_Icon.png
15,Sideshow Mel,325.0,https://static.simpsonswiki.com/images/6/6d/Tapped_Out_Sideshow_Mel_Icon.png
15,Smithers,198.0,https://static.simpsonswiki.com/images/3/3a/Tapped_Out_Smithers_Icon.png
16,Agnes Skinner,46.0,https://static.simpsonswiki.com/images/b/b1/Tapped_Out_Agnes_Sidebar.png
16,Apu,349.0,https://static.simpsonswiki.com/images/0/08/Tapped_Out_Apu_Icon_-_Happy.png
16,Barney,131.0,https://img.icons8.com/doodle/48/barney-gumble.png
16,Bart,3908.0,https://img.icons8.com/doodle/48/bart-simpson.png
16,Brockman,594.0,https://static.simpsonswiki.com/images/3/35/Tapped_Out_Brockman_Sidebar.png
16,Carl,192.0,https://static.simpsonswiki.com/images/a/a4/Tapped_Out_Carl_Icon.png
16,Chalmers,104.0,https://static.simpsonswiki.com/images/5/58/Tapped_Out_Chalmers_Icon.png
16,Chief Wiggum,1437.0,https://img.icons8.com/doodle/48/clancy-wiggum.png
16,Cletus,128.0,https://static.simpsonswiki.com/images/a/a0/Tapped_Out_Cletus_Icon_-_Smiling.png
16,Comic Book Guy,85.0,https://static.simpsonswiki.com/images/a/a9/Tapped_Out_Comic_Book_Guy_Icon.png
16,Dr. Hibbert,421.0,https://static.simpsonswiki.com/images/d/d5/Tapped_Out_Dr._Hibbert_Icon.png
16,Edna Krabappel,164.0,https://static.simpsonswiki.com/images/1/14/Tapped_Out_Mrs._Krabappel_Icon.png
16,Fat Tony,33.0,https://static.simpsonswiki.com/images/1/1b/Tapped_Out_Fat_Tony_Icon.png
16,Flanders,1693.0,https://img.icons8.com/doodle/48/ned-flanders.png
16,Grampa,340.0,https://img.icons8.com/doodle/48/abraham-simpson.png
16,Groundskeeper Willie,210.0,https://static.simpsonswiki.com/images/4/40/Tapped_Out_Chainsaw_Willie_Icon_-_Happy.png
16,Homer,11085.0,https://img.icons8.com/doodle/48/homer-simpson.png
16,Jimbo,81.0,https://static.simpsonswiki.com/images/f/f3/Tapped_Out_Jimbo_Icon.png
16,Kirk,78.0,https://static.simpsonswiki.com/images/6/61/Tapped_Out_Acorn_Kirk_Icon.png
16,Krusty,677.0,https://img.icons8.com/doodle/48/krusty-the-clown.png
16,Lenny,223.0,https://static.simpsonswiki.com/images/6/6f/Tapped_Out_Lenny_Icon.png
16,Lisa,3877.0,https://img.icons8.com/doodle/48/lisa-simpson.png
16,Lou,193.0,https://static.simpsonswiki.com/images/c/cf/Tapped_Out_Lou_Icon.png
16,Marge,6108.0,https://img.icons8.com/doodle/48/marge-simpson.png
16,Martin Prince,84.0,https://static.simpsonswiki.com/images/d/da/Tapped_Out_Martin_Icon.png
16,Mayor Quimby,226.0,https://static.simpsonswiki.com/images/e/e3/Tapped_Out_Quimby_Icon.png
16,Milhouse,561.0,https://img.icons8.com/doodle/48/milhouse-van-houten.png
16,Moe,1232.0,https://img.icons8.com/doodle/48/bartender-mo.png
16,Mr. Burns,931.0,https://img.icons8.com/doodle/48/charles-montgomery-burns.png
16,Nelson,600.0,https://static.simpsonswiki.com/images/0/0c/Tapped_Out_Nelson_Icon_-_Brave.png
16,Otto,61.0,https://static.simpsonswiki.com/images/4/48/Tapped_Out_Conductor_Otto_Sidebar.png
16,Patty,371.0,https://static.simpsonswiki.com/images/3/31/Tapped_Out_Patty_Sidebar.png
16,Professor Frink,450.0,https://static.simpsonswiki.com/images/0/09/Tapped_Out_Professor_Frink_Icon_-_Deadpan.png
16,Ralph,133.0,https://img.icons8.com/doodle/48/ralf.png
16,Rev. Lovejoy,242.0,https://static.simpsonswiki.com/images/4/40/Tapped_Out_Rev._Lovejoy_Sidebar.png
16,Selma,430.0,https://static.simpsonswiki.com/images/8/8f/Tapped_Out_Selma_Icon.png
16,Sideshow Mel,120.0,https://static.simpsonswiki.com/images/6/6d/Tapped_Out_Sideshow_Mel_Icon.png
16,Smithers,110.0,https://static.simpsonswiki.com/images/3/3a/Tapped_Out_Smithers_Icon.png
17,Agnes Skinner,159.0,https://static.simpsonswiki.com/images/b/b1/Tapped_Out_Agnes_Sidebar.png
17,Apu,109.0,https://static.simpsonswiki.com/images/0/08/Tapped_Out_Apu_Icon_-_Happy.png
17,Barney,53.0,https://img.icons8.com/doodle/48/barney-gumble.png
17,Bart,3314.0,https://img.icons8.com/doodle/48/bart-simpson.png
17,Brockman,664.0,https://static.simpsonswiki.com/images/3/35/Tapped_Out_Brockman_Sidebar.png
17,Carl,422.0,https://static.simpsonswiki.com/images/a/a4/Tapped_Out_Carl_Icon.png
17,Chalmers,170.0,https://static.simpsonswiki.com/images/5/58/Tapped_Out_Chalmers_Icon.png
17,Chief Wiggum,574.0,https://img.icons8.com/doodle/48/clancy-wiggum.png
17,Cletus,34.0,https://static.simpsonswiki.com/images/a/a0/Tapped_Out_Cletus_Icon_-_Smiling.png
17,Comic Book Guy,190.0,https://static.simpsonswiki.com/images/a/a9/Tapped_Out_Comic_Book_Guy_Icon.png
17,Dr. Hibbert,326.0,https://static.simpsonswiki.com/images/d/d5/Tapped_Out_Dr._Hibbert_Icon.png
17,Duffman,62.0,https://static.simpsonswiki.com/images/1/18/Tapped_Out_Duffman_Icon.png
17,Edna Krabappel,203.0,https://static.simpsonswiki.com/images/1/14/Tapped_Out_Mrs._Krabappel_Icon.png
17,Fat Tony,47.0,https://static.simpsonswiki.com/images/1/1b/Tapped_Out_Fat_Tony_Icon.png
17,Flanders,1219.0,https://img.icons8.com/doodle/48/ned-flanders.png
17,Grampa,1271.0,https://img.icons8.com/doodle/48/abraham-simpson.png
17,Groundskeeper Willie,469.0,https://static.simpsonswiki.com/images/4/40/Tapped_Out_Chainsaw_Willie_Icon_-_Happy.png
17,Homer,9812.0,https://img.icons8.com/doodle/48/homer-simpson.png
17,Jimbo,183.0,https://static.simpsonswiki.com/images/f/f3/Tapped_Out_Jimbo_Icon.png
17,Kirk,243.0,https://static.simpsonswiki.com/images/6/61/Tapped_Out_Acorn_Kirk_Icon.png
17,Krusty,449.0,https://img.icons8.com/doodle/48/krusty-the-clown.png
17,Lenny,621.0,https://static.simpsonswiki.com/images/6/6f/Tapped_Out_Lenny_Icon.png
17,Lisa,3628.0,https://img.icons8.com/doodle/48/lisa-simpson.png
17,Lou,135.0,https://static.simpsonswiki.com/images/c/cf/Tapped_Out_Lou_Icon.png
17,Marge,5963.0,https://img.icons8.com/doodle/48/marge-simpson.png
17,Martin Prince,103.0,https://static.simpsonswiki.com/images/d/da/Tapped_Out_Martin_Icon.png
17,Mayor Quimby,467.0,https://static.simpsonswiki.com/images/e/e3/Tapped_Out_Quimby_Icon.png
17,Milhouse,891.0,https://img.icons8.com/doodle/48/milhouse-van-houten.png
17,Moe,1669.0,https://img.icons8.com/doodle/48/bartender-mo.png
17,Mr. Burns,1337.0,https://img.icons8.com/doodle/48/charles-montgomery-burns.png
17,Nelson,229.0,https://static.simpsonswiki.com/images/0/0c/Tapped_Out_Nelson_Icon_-_Brave.png
17,Otto,96.0,https://static.simpsonswiki.com/images/4/48/Tapped_Out_Conductor_Otto_Sidebar.png
17,Patty,198.0,https://static.simpsonswiki.com/images/3/31/Tapped_Out_Patty_Sidebar.png
17,Professor Frink,125.0,https://static.simpsonswiki.com/images/0/09/Tapped_Out_Professor_Frink_Icon_-_Deadpan.png
17,Ralph,67.0,https://img.icons8.com/doodle/48/ralf.png
17,Rev. Lovejoy,288.0,https://static.simpsonswiki.com/images/4/40/Tapped_Out_Rev._Lovejoy_Sidebar.png
17,Selma,244.0,https://static.simpsonswiki.com/images/8/8f/Tapped_Out_Selma_Icon.png
17,Sideshow Bob,477.0,https://static.simpsonswiki.com/images/6/68/Tapped_Out_Sideshow_Bob_Icon_-_Serious.png
17,Sideshow Mel,140.0,https://static.simpsonswiki.com/images/6/6d/Tapped_Out_Sideshow_Mel_Icon.png
17,Smithers,148.0,https://static.simpsonswiki.com/images/3/3a/Tapped_Out_Smithers_Icon.png
18,Apu,295.0,https://static.simpsonswiki.com/images/0/08/Tapped_Out_Apu_Icon_-_Happy.png
18,Barney,37.0,https://img.icons8.com/doodle/48/barney-gumble.png
18,Bart,4007.0,https://img.icons8.com/doodle/48/bart-simpson.png
18,Brockman,676.0,https://static.simpsonswiki.com/images/3/35/Tapped_Out_Brockman_Sidebar.png
18,Carl,297.0,https://static.simpsonswiki.com/images/a/a4/Tapped_Out_Carl_Icon.png
18,Chalmers,312.0,https://static.simpsonswiki.com/images/5/58/Tapped_Out_Chalmers_Icon.png
18,Chief Wiggum,691.0,https://img.icons8.com/doodle/48/clancy-wiggum.png
18,Cletus,292.0,https://static.simpsonswiki.com/images/a/a0/Tapped_Out_Cletus_Icon_-_Smiling.png
18,Comic Book Guy,150.0,https://static.simpsonswiki.com/images/a/a9/Tapped_Out_Comic_Book_Guy_Icon.png
18,Dr. Hibbert,66.0,https://static.simpsonswiki.com/images/d/d5/Tapped_Out_Dr._Hibbert_Icon.png
18,Edna Krabappel,69.0,https://static.simpsonswiki.com/images/1/14/Tapped_Out_Mrs._Krabappel_Icon.png
18,Fat Tony,260.0,https://static.simpsonswiki.com/images/1/1b/Tapped_Out_Fat_Tony_Icon.png
18,Flanders,356.0,https://img.icons8.com/doodle/48/ned-flanders.png
18,Grampa,885.0,https://img.icons8.com/doodle/48/abraham-simpson.png
18,Groundskeeper Willie,263.0,https://static.simpsonswiki.com/images/4/40/Tapped_Out_Chainsaw_Willie_Icon_-_Happy.png
18,Homer,9272.0,https://img.icons8.com/doodle/48/homer-simpson.png
18,Jimbo,221.0,https://static.simpsonswiki.com/images/f/f3/Tapped_Out_Jimbo_Icon.png
18,Kirk,57.0,https://static.simpsonswiki.com/images/6/61/Tapped_Out_Acorn_Kirk_Icon.png
18,Krusty,989.0,https://img.icons8.com/doodle/48/krusty-the-clown.png
18,Lenny,396.0,https://static.simpsonswiki.com/images/6/6f/Tapped_Out_Lenny_Icon.png
18,Lisa,3430.0,https://img.icons8.com/doodle/48/lisa-simpson.png
18,Lou,363.0,https://static.simpsonswiki.com/images/c/cf/Tapped_Out_Lou_Icon.png
18,Marge,4906.0,https://img.icons8.com/doodle/48/marge-simpson.png
18,Martin Prince,264.0,https://static.simpsonswiki.com/images/d/da/Tapped_Out_Martin_Icon.png
18,Mayor Quimby,229.0,https://static.simpsonswiki.com/images/e/e3/Tapped_Out_Quimby_Icon.png
18,Milhouse,538.0,https://img.icons8.com/doodle/48/milhouse-van-houten.png
18,Moe,1865.0,https://img.icons8.com/doodle/48/bartender-mo.png
18,Mr. Burns,493.0,https://img.icons8.com/doodle/48/charles-montgomery-burns.png
18,Nelson,685.0,https://static.simpsonswiki.com/images/0/0c/Tapped_Out_Nelson_Icon_-_Brave.png
18,Otto,188.0,https://static.simpsonswiki.com/images/4/48/Tapped_Out_Conductor_Otto_Sidebar.png
18,Patty,85.0,https://static.simpsonswiki.com/images/3/31/Tapped_Out_Patty_Sidebar.png
18,Professor Frink,171.0,https://static.simpsonswiki.com/images/0/09/Tapped_Out_Professor_Frink_Icon_-_Deadpan.png
18,Ralph,53.0,https://img.icons8.com/doodle/48/ralf.png
18,Rev. Lovejoy,152.0,https://static.simpsonswiki.com/images/4/40/Tapped_Out_Rev._Lovejoy_Sidebar.png
18,Selma,335.0,https://static.simpsonswiki.com/images/8/8f/Tapped_Out_Selma_Icon.png
18,Sideshow Mel,103.0,https://static.simpsonswiki.com/images/6/6d/Tapped_Out_Sideshow_Mel_Icon.png
18,Smithers,126.0,https://static.simpsonswiki.com/images/3/3a/Tapped_Out_Smithers_Icon.png
19,Agnes Skinner,102.0,https://static.simpsonswiki.com/images/b/b1/Tapped_Out_Agnes_Sidebar.png
19,Apu,178.0,https://static.simpsonswiki.com/images/0/08/Tapped_Out_Apu_Icon_-_Happy.png
19,Barney,5.0,https://img.icons8.com/doodle/48/barney-gumble.png
19,Bart,3829.0,https://img.icons8.com/doodle/48/bart-simpson.png
19,Brockman,462.0,https://static.simpsonswiki.com/images/3/35/Tapped_Out_Brockman_Sidebar.png
19,Carl,286.0,https://static.simpsonswiki.com/images/a/a4/Tapped_Out_Carl_Icon.png
19,Chalmers,231.0,https://static.simpsonswiki.com/images/5/58/Tapped_Out_Chalmers_Icon.png
19,Chief Wiggum,599.0,https://img.icons8.com/doodle/48/clancy-wiggum.png
19,Cletus,164.0,https://static.simpsonswiki.com/images/a/a0/Tapped_Out_Cletus_Icon_-_Smiling.png
19,Comic Book Guy,327.0,https://static.simpsonswiki.com/images/a/a9/Tapped_Out_Comic_Book_Guy_Icon.png
19,Dr. Hibbert,235.0,https://static.simpsonswiki.com/images/d/d5/Tapped_Out_Dr._Hibbert_Icon.png
19,Duffman,115.0,https://static.simpsonswiki.com/images/1/18/Tapped_Out_Duffman_Icon.png
19,Edna Krabappel,39.0,https://static.simpsonswiki.com/images/1/14/Tapped_Out_Mrs._Krabappel_Icon.png
19,Flanders,405.0,https://img.icons8.com/doodle/48/ned-flanders.png
19,Grampa,342.0,https://img.icons8.com/doodle/48/abraham-simpson.png
19,Groundskeeper Willie,172.0,https://static.simpsonswiki.com/images/4/40/Tapped_Out_Chainsaw_Willie_Icon_-_Happy.png
19,Homer,9544.0,https://img.icons8.com/doodle/48/homer-simpson.png
19,Jimbo,39.0,https://static.simpsonswiki.com/images/f/f3/Tapped_Out_Jimbo_Icon.png
19,Kirk,140.0,https://static.simpsonswiki.com/images/6/61/Tapped_Out_Acorn_Kirk_Icon.png
19,Krusty,1165.0,https://img.icons8.com/doodle/48/krusty-the-clown.png
19,Lenny,339.0,https://static.simpsonswiki.com/images/6/6f/Tapped_Out_Lenny_Icon.png
19,Lisa,3411.0,https://img.icons8.com/doodle/48/lisa-simpson.png
19,Lou,330.0,https://static.simpsonswiki.com/images/c/cf/Tapped_Out_Lou_Icon.png
19,Marge,4421.0,https://img.icons8.com/doodle/48/marge-simpson.png
19,Martin Prince,262.0,https://static.simpsonswiki.com/images/d/da/Tapped_Out_Martin_Icon.png
19,Mayor Quimby,301.0,https://static.simpsonswiki.com/images/e/e3/Tapped_Out_Quimby_Icon.png
19,Milhouse,643.0,https://img.icons8.com/doodle/48/milhouse-van-houten.png
19,Moe,616.0,https://img.icons8.com/doodle/48/bartender-mo.png
19,Mr. Burns,497.0,https://img.icons8.com/doodle/48/charles-montgomery-burns.png
19,Nelson,586.0,https://static.simpsonswiki.com/images/0/0c/Tapped_Out_Nelson_Icon_-_Brave.png
19,Otto,43.0,https://static.simpsonswiki.com/images/4/48/Tapped_Out_Conductor_Otto_Sidebar.png
19,Patty,38.0,https://static.simpsonswiki.com/images/3/31/Tapped_Out_Patty_Sidebar.png
19,Professor Frink,113.0,https://static.simpsonswiki.com/images/0/09/Tapped_Out_Professor_Frink_Icon_-_Deadpan.png
19,Ralph,121.0,https://img.icons8.com/doodle/48/ralf.png
19,Rev. Lovejoy,115.0,https://static.simpsonswiki.com/images/4/40/Tapped_Out_Rev._Lovejoy_Sidebar.png
19,Selma,51.0,https://static.simpsonswiki.com/images/8/8f/Tapped_Out_Selma_Icon.png
19,Sideshow Bob,484.0,https://static.simpsonswiki.com/images/6/68/Tapped_Out_Sideshow_Bob_Icon_-_Serious.png
19,Sideshow Mel,552.0,https://static.simpsonswiki.com/images/6/6d/Tapped_Out_Sideshow_Mel_Icon.png
19,Smithers,41.0,https://static.simpsonswiki.com/images/3/3a/Tapped_Out_Smithers_Icon.png
20,Agnes Skinner,63.0,https://static.simpsonswiki.com/images/b/b1/Tapped_Out_Agnes_Sidebar.png
20,Apu,204.0,https://static.simpsonswiki.com/images/0/08/Tapped_Out_Apu_Icon_-_Happy.png
20,Barney,39.0,https://img.icons8.com/doodle/48/barney-gumble.png
20,Bart,3320.0,https://img.icons8.com/doodle/48/bart-simpson.png
20,Brockman,211.0,https://static.simpsonswiki.com/images/3/35/Tapped_Out_Brockman_Sidebar.png
20,Carl,262.0,https://static.simpsonswiki.com/images/a/a4/Tapped_Out_Carl_Icon.png
20,Chalmers,471.0,https://static.simpsonswiki.com/images/5/58/Tapped_Out_Chalmers_Icon.png
20,Chief Wiggum,278.0,https://img.icons8.com/doodle/48/clancy-wiggum.png
20,Cletus,49.0,https://static.simpsonswiki.com/images/a/a0/Tapped_Out_Cletus_Icon_-_Smiling.png
20,Comic Book Guy,237.0,https://static.simpsonswiki.com/images/a/a9/Tapped_Out_Comic_Book_Guy_Icon.png
20,Dr. Hibbert,239.0,https://static.simpsonswiki.com/images/d/d5/Tapped_Out_Dr._Hibbert_Icon.png
20,Edna Krabappel,125.0,https://static.simpsonswiki.com/images/1/14/Tapped_Out_Mrs._Krabappel_Icon.png
20,Flanders,1328.0,https://img.icons8.com/doodle/48/ned-flanders.png
20,Grampa,558.0,https://img.icons8.com/doodle/48/abraham-simpson.png
20,Groundskeeper Willie,276.0,https://static.simpsonswiki.com/images/4/40/Tapped_Out_Chainsaw_Willie_Icon_-_Happy.png
20,Homer,9635.0,https://img.icons8.com/doodle/48/homer-simpson.png
20,Jimbo,164.0,https://static.simpsonswiki.com/images/f/f3/Tapped_Out_Jimbo_Icon.png
20,Kirk,16.0,https://static.simpsonswiki.com/images/6/61/Tapped_Out_Acorn_Kirk_Icon.png
20,Krusty,197.0,https://img.icons8.com/doodle/48/krusty-the-clown.png
20,Lenny,564.0,https://static.simpsonswiki.com/images/6/6f/Tapped_Out_Lenny_Icon.png
20,Lisa,4291.0,https://img.icons8.com/doodle/48/lisa-simpson.png
20,Lou,32.0,https://static.simpsonswiki.com/images/c/cf/Tapped_Out_Lou_Icon.png
20,Marge,4276.0,https://img.icons8.com/doodle/48/marge-simpson.png
20,Martin Prince,43.0,https://static.simpsonswiki.com/images/d/da/Tapped_Out_Martin_Icon.png
20,Mayor Quimby,243.0,https://static.simpsonswiki.com/images/e/e3/Tapped_Out_Quimby_Icon.png
20,Milhouse,588.0,https://img.icons8.com/doodle/48/milhouse-van-houten.png
20,Moe,1756.0,https://img.icons8.com/doodle/48/bartender-mo.png
20,Mr. Burns,1013.0,https://img.icons8.com/doodle/48/charles-montgomery-burns.png
20,Nelson,183.0,https://static.simpsonswiki.com/images/0/0c/Tapped_Out_Nelson_Icon_-_Brave.png
20,Otto,41.0,https://static.simpsonswiki.com/images/4/48/Tapped_Out_Conductor_Otto_Sidebar.png
20,Patty,111.0,https://static.simpsonswiki.com/images/3/31/Tapped_Out_Patty_Sidebar.png
20,Professor Frink,164.0,https://static.simpsonswiki.com/images/0/09/Tapped_Out_Professor_Frink_Icon_-_Deadpan.png
20,Ralph,117.0,https://img.icons8.com/doodle/48/ralf.png
20,Rev. Lovejoy,247.0,https://static.simpsonswiki.com/images/4/40/Tapped_Out_Rev._Lovejoy_Sidebar.png
20,Selma,104.0,https://static.simpsonswiki.com/images/8/8f/Tapped_Out_Selma_Icon.png
20,Sideshow Bob,51.0,https://static.simpsonswiki.com/images/6/68/Tapped_Out_Sideshow_Bob_Icon_-_Serious.png
20,Sideshow Mel,51.0,https://static.simpsonswiki.com/images/6/6d/Tapped_Out_Sideshow_Mel_Icon.png
20,Smithers,131.0,https://static.simpsonswiki.com/images/3/3a/Tapped_Out_Smithers_Icon.png
21,Agnes Skinner,420.0,https://static.simpsonswiki.com/images/b/b1/Tapped_Out_Agnes_Sidebar.png
21,Apu,582.0,https://static.simpsonswiki.com/images/0/08/Tapped_Out_Apu_Icon_-_Happy.png
21,Barney,121.0,https://img.icons8.com/doodle/48/barney-gumble.png
21,Bart,4926.0,https://img.icons8.com/doodle/48/bart-simpson.png
21,Brockman,264.0,https://static.simpsonswiki.com/images/3/35/Tapped_Out_Brockman_Sidebar.png
21,Carl,708.0,https://static.simpsonswiki.com/images/a/a4/Tapped_Out_Carl_Icon.png
21,Chalmers,248.0,https://static.simpsonswiki.com/images/5/58/Tapped_Out_Chalmers_Icon.png
21,Chief Wiggum,1400.0,https://img.icons8.com/doodle/48/clancy-wiggum.png
21,Cletus,248.0,https://static.simpsonswiki.com/images/a/a0/Tapped_Out_Cletus_Icon_-_Smiling.png
21,Comic Book Guy,418.0,https://static.simpsonswiki.com/images/a/a9/Tapped_Out_Comic_Book_Guy_Icon.png
21,Dr. Hibbert,166.0,https://static.simpsonswiki.com/images/d/d5/Tapped_Out_Dr._Hibbert_Icon.png
21,Duffman,74.0,https://static.simpsonswiki.com/images/1/18/Tapped_Out_Duffman_Icon.png
21,Edna Krabappel,775.0,https://static.simpsonswiki.com/images/1/14/Tapped_Out_Mrs._Krabappel_Icon.png
21,Fat Tony,54.0,https://static.simpsonswiki.com/images/1/1b/Tapped_Out_Fat_Tony_Icon.png
21,Flanders,1236.0,https://img.icons8.com/doodle/48/ned-flanders.png
21,Grampa,965.0,https://img.icons8.com/doodle/48/abraham-simpson.png
21,Groundskeeper Willie,209.0,https://static.simpsonswiki.com/images/4/40/Tapped_Out_Chainsaw_Willie_Icon_-_Happy.png
21,Homer,8214.0,https://img.icons8.com/doodle/48/homer-simpson.png
21,Jimbo,102.0,https://static.simpsonswiki.com/images/f/f3/Tapped_Out_Jimbo_Icon.png
21,Kirk,28.0,https://static.simpsonswiki.com/images/6/61/Tapped_Out_Acorn_Kirk_Icon.png
21,Krusty,889.0,https://img.icons8.com/doodle/48/krusty-the-clown.png
21,Lenny,553.0,https://static.simpsonswiki.com/images/6/6f/Tapped_Out_Lenny_Icon.png
21,Lisa,3887.0,https://img.icons8.com/doodle/48/lisa-simpson.png
21,Lou,240.0,https://static.simpsonswiki.com/images/c/cf/Tapped_Out_Lou_Icon.png
21,Marge,3867.0,https://img.icons8.com/doodle/48/marge-simpson.png
21,Martin Prince,114.0,https://static.simpsonswiki.com/images/d/da/Tapped_Out_Martin_Icon.png
21,Mayor Quimby,198.0,https://static.simpsonswiki.com/images/e/e3/Tapped_Out_Quimby_Icon.png
21,Milhouse,604.0,https://img.icons8.com/doodle/48/milhouse-van-houten.png
21,Moe,2166.0,https://img.icons8.com/doodle/48/bartender-mo.png
21,Mr. Burns,1464.0,https://img.icons8.com/doodle/48/charles-montgomery-burns.png
21,Nelson,500.0,https://static.simpsonswiki.com/images/0/0c/Tapped_Out_Nelson_Icon_-_Brave.png
21,Otto,90.0,https://static.simpsonswiki.com/images/4/48/Tapped_Out_Conductor_Otto_Sidebar.png
21,Patty,41.0,https://static.simpsonswiki.com/images/3/31/Tapped_Out_Patty_Sidebar.png
21,Ralph,106.0,https://img.icons8.com/doodle/48/ralf.png
21,Rev. Lovejoy,274.0,https://static.simpsonswiki.com/images/4/40/Tapped_Out_Rev._Lovejoy_Sidebar.png
21,Selma,69.0,https://static.simpsonswiki.com/images/8/8f/Tapped_Out_Selma_Icon.png
21,Sideshow Bob,4.0,https://static.simpsonswiki.com/images/6/68/Tapped_Out_Sideshow_Bob_Icon_-_Serious.png
21,Sideshow Mel,31.0,https://static.simpsonswiki.com/images/6/6d/Tapped_Out_Sideshow_Mel_Icon.png
21,Smithers,304.0,https://static.simpsonswiki.com/images/3/3a/Tapped_Out_Smithers_Icon.png
22,Agnes Skinner,75.0,https://static.simpsonswiki.com/images/b/b1/Tapped_Out_Agnes_Sidebar.png
22,Apu,138.0,https://static.simpsonswiki.com/images/0/08/Tapped_Out_Apu_Icon_-_Happy.png
22,Barney,72.0,https://img.icons8.com/doodle/48/barney-gumble.png
22,Bart,4414.0,https://img.icons8.com/doodle/48/bart-simpson.png
22,Brockman,381.0,https://static.simpsonswiki.com/images/3/35/Tapped_Out_Brockman_Sidebar.png
22,Carl,159.0,https://static.simpsonswiki.com/images/a/a4/Tapped_Out_Carl_Icon.png
22,Chalmers,672.0,https://static.simpsonswiki.com/images/5/58/Tapped_Out_Chalmers_Icon.png
22,Chief Wiggum,468.0,https://img.icons8.com/doodle/48/clancy-wiggum.png
22,Cletus,31.0,https://static.simpsonswiki.com/images/a/a0/Tapped_Out_Cletus_Icon_-_Smiling.png
22,Comic Book Guy,391.0,https://static.simpsonswiki.com/images/a/a9/Tapped_Out_Comic_Book_Guy_Icon.png
22,Dr. Hibbert,72.0,https://static.simpsonswiki.com/images/d/d5/Tapped_Out_Dr._Hibbert_Icon.png
22,Duffman,21.0,https://static.simpsonswiki.com/images/1/18/Tapped_Out_Duffman_Icon.png
22,Edna Krabappel,676.0,https://static.simpsonswiki.com/images/1/14/Tapped_Out_Mrs._Krabappel_Icon.png
22,Fat Tony,823.0,https://static.simpsonswiki.com/images/1/1b/Tapped_Out_Fat_Tony_Icon.png
22,Flanders,906.0,https://img.icons8.com/doodle/48/ned-flanders.png
22,Grampa,908.0,https://img.icons8.com/doodle/48/abraham-simpson.png
22,Groundskeeper Willie,169.0,https://static.simpsonswiki.com/images/4/40/Tapped_Out_Chainsaw_Willie_Icon_-_Happy.png
22,Homer,7926.0,https://img.icons8.com/doodle/48/homer-simpson.png
22,Jimbo,44.0,https://static.simpsonswiki.com/images/f/f3/Tapped_Out_Jimbo_Icon.png
22,Kirk,18.0,https://static.simpsonswiki.com/images/6/61/Tapped_Out_Acorn_Kirk_Icon.png
22,Krusty,561.0,https://img.icons8.com/doodle/48/krusty-the-clown.png
22,Lenny,328.0,https://static.simpsonswiki.com/images/6/6f/Tapped_Out_Lenny_Icon.png
22,Lisa,4783.0,https://img.icons8.com/doodle/48/lisa-simpson.png
22,Lou,280.0,https://static.simpsonswiki.com/images/c/cf/Tapped_Out_Lou_Icon.png
22,Marge,3847.0,https://img.icons8.com/doodle/48/marge-simpson.png
22,Martin Prince,49.0,https://static.simpsonswiki.com/images/d/da/Tapped_Out_Martin_Icon.png
22,Mayor Quimby,115.0,https://static.simpsonswiki.com/images/e/e3/Tapped_Out_Quimby_Icon.png
22,Milhouse,813.0,https://img.icons8.com/doodle/48/milhouse-van-houten.png
22,Moe,1683.0,https://img.icons8.com/doodle/48/bartender-mo.png
22,Mr. Burns,981.0,https://img.icons8.com/doodle/48/charles-montgomery-burns.png
22,Nelson,964.0,https://static.simpsonswiki.com/images/0/0c/Tapped_Out_Nelson_Icon_-_Brave.png
22,Otto,261.0,https://static.simpsonswiki.com/images/4/48/Tapped_Out_Conductor_Otto_Sidebar.png
22,Patty,79.0,https://static.simpsonswiki.com/images/3/31/Tapped_Out_Patty_Sidebar.png
22,Professor Frink,149.0,https://static.simpsonswiki.com/images/0/09/Tapped_Out_Professor_Frink_Icon_-_Deadpan.png
22,Ralph,73.0,https://img.icons8.com/doodle/48/ralf.png
22,Rev. Lovejoy,5.0,https://static.simpsonswiki.com/images/4/40/Tapped_Out_Rev._Lovejoy_Sidebar.png
22,Selma,455.0,https://static.simpsonswiki.com/images/8/8f/Tapped_Out_Selma_Icon.png
22,Sideshow Mel,40.0,https://static.simpsonswiki.com/images/6/6d/Tapped_Out_Sideshow_Mel_Icon.png
22,Smithers,516.0,https://static.simpsonswiki.com/images/3/3a/Tapped_Out_Smithers_Icon.png
23,Agnes Skinner,73.0,https://static.simpsonswiki.com/images/b/b1/Tapped_Out_Agnes_Sidebar.png
23,Apu,281.0,https://static.simpsonswiki.com/images/0/08/Tapped_Out_Apu_Icon_-_Happy.png
23,Barney,86.0,https://img.icons8.com/doodle/48/barney-gumble.png
23,Bart,5030.0,https://img.icons8.com/doodle/48/bart-simpson.png
23,Brockman,428.0,https://static.simpsonswiki.com/images/3/35/Tapped_Out_Brockman_Sidebar.png
23,Carl,307.0,https://static.simpsonswiki.com/images/a/a4/Tapped_Out_Carl_Icon.png
23,Chalmers,808.0,https://static.simpsonswiki.com/images/5/58/Tapped_Out_Chalmers_Icon.png
23,Chief Wiggum,637.0,https://img.icons8.com/doodle/48/clancy-wiggum.png
23,Cletus,64.0,https://static.simpsonswiki.com/images/a/a0/Tapped_Out_Cletus_Icon_-_Smiling.png
23,Comic Book Guy,188.0,https://static.simpsonswiki.com/images/a/a9/Tapped_Out_Comic_Book_Guy_Icon.png
23,Dr. Hibbert,82.0,https://static.simpsonswiki.com/images/d/d5/Tapped_Out_Dr._Hibbert_Icon.png
23,Duffman,19.0,https://static.simpsonswiki.com/images/1/18/Tapped_Out_Duffman_Icon.png
23,Edna Krabappel,365.0,https://static.simpsonswiki.com/images/1/14/Tapped_Out_Mrs._Krabappel_Icon.png
23,Flanders,1329.0,https://img.icons8.com/doodle/48/ned-flanders.png
23,Grampa,575.0,https://img.icons8.com/doodle/48/abraham-simpson.png
23,Groundskeeper Willie,71.0,https://static.simpsonswiki.com/images/4/40/Tapped_Out_Chainsaw_Willie_Icon_-_Happy.png
23,Homer,10742.0,https://img.icons8.com/doodle/48/homer-simpson.png
23,Jimbo,444.0,https://static.simpsonswiki.com/images/f/f3/Tapped_Out_Jimbo_Icon.png
23,Kirk,58.0,https://static.simpsonswiki.com/images/6/61/Tapped_Out_Acorn_Kirk_Icon.png
23,Krusty,1258.0,https://img.icons8.com/doodle/48/krusty-the-clown.png
23,Lenny,747.0,https://static.simpsonswiki.com/images/6/6f/Tapped_Out_Lenny_Icon.png
23,Lisa,4235.0,https://img.icons8.com/doodle/48/lisa-simpson.png
23,Lou,50.0,https://static.simpsonswiki.com/images/c/cf/Tapped_Out_Lou_Icon.png
23,Marge,3948.0,https://img.icons8.com/doodle/48/marge-simpson.png
23,Martin Prince,197.0,https://static.simpsonswiki.com/images/d/da/Tapped_Out_Martin_Icon.png
23,Mayor Quimby,331.0,https://static.simpsonswiki.com/images/e/e3/Tapped_Out_Quimby_Icon.png
23,Milhouse,686.0,https://img.icons8.com/doodle/48/milhouse-van-houten.png
23,Moe,869.0,https://img.icons8.com/doodle/48/bartender-mo.png
23,Mr. Burns,961.0,https://img.icons8.com/doodle/48/charles-montgomery-burns.png
23,Nelson,365.0,https://static.simpsonswiki.com/images/0/0c/Tapped_Out_Nelson_Icon_-_Brave.png
23,Otto,33.0,https://static.simpsonswiki.com/images/4/48/Tapped_Out_Conductor_Otto_Sidebar.png
23,Patty,129.0,https://static.simpsonswiki.com/images/3/31/Tapped_Out_Patty_Sidebar.png
23,Professor Frink,391.0,https://static.simpsonswiki.com/images/0/09/Tapped_Out_Professor_Frink_Icon_-_Deadpan.png
23,Ralph,33.0,https://img.icons8.com/doodle/48/ralf.png
23,Rev. Lovejoy,117.0,https://static.simpsonswiki.com/images/4/40/Tapped_Out_Rev._Lovejoy_Sidebar.png
23,Selma,48.0,https://static.simpsonswiki.com/images/8/8f/Tapped_Out_Selma_Icon.png
23,Sideshow Bob,6.0,https://static.simpsonswiki.com/images/6/68/Tapped_Out_Sideshow_Bob_Icon_-_Serious.png
23,Sideshow Mel,185.0,https://static.simpsonswiki.com/images/6/6d/Tapped_Out_Sideshow_Mel_Icon.png
23,Smithers,199.0,https://static.simpsonswiki.com/images/3/3a/Tapped_Out_Smithers_Icon.png
24,Agnes Skinner,11.0,https://static.simpsonswiki.com/images/b/b1/Tapped_Out_Agnes_Sidebar.png
24,Apu,208.0,https://static.simpsonswiki.com/images/0/08/Tapped_Out_Apu_Icon_-_Happy.png
24,Barney,41.0,https://img.icons8.com/doodle/48/barney-gumble.png
24,Bart,4202.0,https://img.icons8.com/doodle/48/bart-simpson.png
24,Brockman,592.0,https://static.simpsonswiki.com/images/3/35/Tapped_Out_Brockman_Sidebar.png
24,Carl,580.0,https://static.simpsonswiki.com/images/a/a4/Tapped_Out_Carl_Icon.png
24,Chalmers,341.0,https://static.simpsonswiki.com/images/5/58/Tapped_Out_Chalmers_Icon.png
24,Chief Wiggum,526.0,https://img.icons8.com/doodle/48/clancy-wiggum.png
24,Cletus,293.0,https://static.simpsonswiki.com/images/a/a0/Tapped_Out_Cletus_Icon_-_Smiling.png
24,Comic Book Guy,92.0,https://static.simpsonswiki.com/images/a/a9/Tapped_Out_Comic_Book_Guy_Icon.png
24,Dr. Hibbert,177.0,https://static.simpsonswiki.com/images/d/d5/Tapped_Out_Dr._Hibbert_Icon.png
24,Duffman,38.0,https://static.simpsonswiki.com/images/1/18/Tapped_Out_Duffman_Icon.png
24,Edna Krabappel,193.0,https://static.simpsonswiki.com/images/1/14/Tapped_Out_Mrs._Krabappel_Icon.png
24,Fat Tony,200.0,https://static.simpsonswiki.com/images/1/1b/Tapped_Out_Fat_Tony_Icon.png
24,Flanders,892.0,https://img.icons8.com/doodle/48/ned-flanders.png
24,Grampa,1859.0,https://img.icons8.com/doodle/48/abraham-simpson.png
24,Groundskeeper Willie,165.0,https://static.simpsonswiki.com/images/4/40/Tapped_Out_Chainsaw_Willie_Icon_-_Happy.png
24,Homer,11475.0,https://img.icons8.com/doodle/48/homer-simpson.png
24,Jimbo,82.0,https://static.simpsonswiki.com/images/f/f3/Tapped_Out_Jimbo_Icon.png
24,Kirk,187.0,https://static.simpsonswiki.com/images/6/61/Tapped_Out_Acorn_Kirk_Icon.png
24,Krusty,199.0,https://img.icons8.com/doodle/48/krusty-the-clown.png
24,Lenny,830.0,https://static.simpsonswiki.com/images/6/6f/Tapped_Out_Lenny_Icon.png
24,Lisa,3454.0,https://img.icons8.com/doodle/48/lisa-simpson.png
24,Lou,142.0,https://static.simpsonswiki.com/images/c/cf/Tapped_Out_Lou_Icon.png
24,Marge,5873.0,https://img.icons8.com/doodle/48/marge-simpson.png
24,Martin Prince,42.0,https://static.simpsonswiki.com/images/d/da/Tapped_Out_Martin_Icon.png
24,Mayor Quimby,152.0,https://static.simpsonswiki.com/images/e/e3/Tapped_Out_Quimby_Icon.png
24,Milhouse,1166.0,https://img.icons8.com/doodle/48/milhouse-van-houten.png
24,Moe,2252.0,https://img.icons8.com/doodle/48/bartender-mo.png
24,Mr. Burns,1401.0,https://img.icons8.com/doodle/48/charles-montgomery-burns.png
24,Nelson,118.0,https://static.simpsonswiki.com/images/0/0c/Tapped_Out_Nelson_Icon_-_Brave.png
24,Otto,87.0,https://static.simpsonswiki.com/images/4/48/Tapped_Out_Conductor_Otto_Sidebar.png
24,Patty,110.0,https://static.simpsonswiki.com/images/3/31/Tapped_Out_Patty_Sidebar.png
24,Professor Frink,239.0,https://static.simpsonswiki.com/images/0/09/Tapped_Out_Professor_Frink_Icon_-_Deadpan.png
24,Ralph,68.0,https://img.icons8.com/doodle/48/ralf.png
24,Rev. Lovejoy,341.0,https://static.simpsonswiki.com/images/4/40/Tapped_Out_Rev._Lovejoy_Sidebar.png
24,Selma,125.0,https://static.simpsonswiki.com/images/8/8f/Tapped_Out_Selma_Icon.png
24,Sideshow Mel,123.0,https://static.simpsonswiki.com/images/6/6d/Tapped_Out_Sideshow_Mel_Icon.png
24,Smithers,233.0,https://static.simpsonswiki.com/images/3/3a/Tapped_Out_Smithers_Icon.png
25,Agnes Skinner,107.0,https://static.simpsonswiki.com/images/b/b1/Tapped_Out_Agnes_Sidebar.png
25,Apu,97.0,https://static.simpsonswiki.com/images/0/08/Tapped_Out_Apu_Icon_-_Happy.png
25,Barney,37.0,https://img.icons8.com/doodle/48/barney-gumble.png
25,Bart,4525.0,https://img.icons8.com/doodle/48/bart-simpson.png
25,Brockman,509.0,https://static.simpsonswiki.com/images/3/35/Tapped_Out_Brockman_Sidebar.png
25,Carl,421.0,https://static.simpsonswiki.com/images/a/a4/Tapped_Out_Carl_Icon.png
25,Chalmers,402.0,https://static.simpsonswiki.com/images/5/58/Tapped_Out_Chalmers_Icon.png
25,Chief Wiggum,661.0,https://img.icons8.com/doodle/48/clancy-wiggum.png
25,Cletus,133.0,https://static.simpsonswiki.com/images/a/a0/Tapped_Out_Cletus_Icon_-_Smiling.png
25,Comic Book Guy,736.0,https://static.simpsonswiki.com/images/a/a9/Tapped_Out_Comic_Book_Guy_Icon.png
25,Dr. Hibbert,342.0,https://static.simpsonswiki.com/images/d/d5/Tapped_Out_Dr._Hibbert_Icon.png
25,Duffman,67.0,https://static.simpsonswiki.com/images/1/18/Tapped_Out_Duffman_Icon.png
25,Edna Krabappel,46.0,https://static.simpsonswiki.com/images/1/14/Tapped_Out_Mrs._Krabappel_Icon.png
25,Fat Tony,188.0,https://static.simpsonswiki.com/images/1/1b/Tapped_Out_Fat_Tony_Icon.png
25,Flanders,234.0,https://img.icons8.com/doodle/48/ned-flanders.png
25,Grampa,453.0,https://img.icons8.com/doodle/48/abraham-simpson.png
25,Groundskeeper Willie,143.0,https://static.simpsonswiki.com/images/4/40/Tapped_Out_Chainsaw_Willie_Icon_-_Happy.png
25,Homer,9615.0,https://img.icons8.com/doodle/48/homer-simpson.png
25,Jimbo,249.0,https://static.simpsonswiki.com/images/f/f3/Tapped_Out_Jimbo_Icon.png
25,Kirk,310.0,https://static.simpsonswiki.com/images/6/61/Tapped_Out_Acorn_Kirk_Icon.png
25,Krusty,600.0,https://img.icons8.com/doodle/48/krusty-the-clown.png
25,Lenny,440.0,https://static.simpsonswiki.com/images/6/6f/Tapped_Out_Lenny_Icon.png
25,Lisa,4545.0,https://img.icons8.com/doodle/48/lisa-simpson.png
25,Lou,130.0,https://static.simpsonswiki.com/images/c/cf/Tapped_Out_Lou_Icon.png
25,Marge,4519.0,https://img.icons8.com/doodle/48/marge-simpson.png
25,Martin Prince,91.0,https://static.simpsonswiki.com/images/d/da/Tapped_Out_Martin_Icon.png
25,Mayor Quimby,72.0,https://static.simpsonswiki.com/images/e/e3/Tapped_Out_Quimby_Icon.png
25,Milhouse,1046.0,https://img.icons8.com/doodle/48/milhouse-van-houten.png
25,Moe,830.0,https://img.icons8.com/doodle/48/bartender-mo.png
25,Mr. Burns,835.0,https://img.icons8.com/doodle/48/charles-montgomery-burns.png
25,Nelson,377.0,https://static.simpsonswiki.com/images/0/0c/Tapped_Out_Nelson_Icon_-_Brave.png
25,Otto,45.0,https://static.simpsonswiki.com/images/4/48/Tapped_Out_Conductor_Otto_Sidebar.png
25,Patty,95.0,https://static.simpsonswiki.com/images/3/31/Tapped_Out_Patty_Sidebar.png
25,Professor Frink,255.0,https://static.simpsonswiki.com/images/0/09/Tapped_Out_Professor_Frink_Icon_-_Deadpan.png
25,Ralph,79.0,https://img.icons8.com/doodle/48/ralf.png
25,Rev. Lovejoy,450.0,https://static.simpsonswiki.com/images/4/40/Tapped_Out_Rev._Lovejoy_Sidebar.png
25,Selma,59.0,https://static.simpsonswiki.com/images/8/8f/Tapped_Out_Selma_Icon.png
25,Sideshow Bob,436.0,https://static.simpsonswiki.com/images/6/68/Tapped_Out_Sideshow_Bob_Icon_-_Serious.png
25,Sideshow Mel,38.0,https://static.simpsonswiki.com/images/6/6d/Tapped_Out_Sideshow_Mel_Icon.png
25,Smithers,117.0,https://static.simpsonswiki.com/images/3/3a/Tapped_Out_Smithers_Icon.png
26,Agnes Skinner,45.0,https://static.simpsonswiki.com/images/b/b1/Tapped_Out_Agnes_Sidebar.png
26,Apu,901.0,https://static.simpsonswiki.com/images/0/08/Tapped_Out_Apu_Icon_-_Happy.png
26,Barney,6.0,https://img.icons8.com/doodle/48/barney-gumble.png
26,Bart,2108.0,https://img.icons8.com/doodle/48/bart-simpson.png
26,Brockman,289.0,https://static.simpsonswiki.com/images/3/35/Tapped_Out_Brockman_Sidebar.png
26,Carl,221.0,https://static.simpsonswiki.com/images/a/a4/Tapped_Out_Carl_Icon.png
26,Chalmers,210.0,https://static.simpsonswiki.com/images/5/58/Tapped_Out_Chalmers_Icon.png
26,Chief Wiggum,466.0,https://img.icons8.com/doodle/48/clancy-wiggum.png
26,Cletus,91.0,https://static.simpsonswiki.com/images/a/a0/Tapped_Out_Cletus_Icon_-_Smiling.png
26,Comic Book Guy,121.0,https://static.simpsonswiki.com/images/a/a9/Tapped_Out_Comic_Book_Guy_Icon.png
26,Dr. Hibbert,166.0,https://static.simpsonswiki.com/images/d/d5/Tapped_Out_Dr._Hibbert_Icon.png
26,Flanders,321.0,https://img.icons8.com/doodle/48/ned-flanders.png
26,Grampa,144.0,https://img.icons8.com/doodle/48/abraham-simpson.png
26,Groundskeeper Willie,63.0,https://static.simpsonswiki.com/images/4/40/Tapped_Out_Chainsaw_Willie_Icon_-_Happy.png
26,Homer,7820.0,https://img.icons8.com/doodle/48/homer-simpson.png
26,Jimbo,15.0,https://static.simpsonswiki.com/images/f/f3/Tapped_Out_Jimbo_Icon.png
26,Kirk,92.0,https://static.simpsonswiki.com/images/6/61/Tapped_Out_Acorn_Kirk_Icon.png
26,Krusty,787.0,https://img.icons8.com/doodle/48/krusty-the-clown.png
26,Lenny,266.0,https://static.simpsonswiki.com/images/6/6f/Tapped_Out_Lenny_Icon.png
26,Lisa,2100.0,https://img.icons8.com/doodle/48/lisa-simpson.png
26,Lou,90.0,https://static.simpsonswiki.com/images/c/cf/Tapped_Out_Lou_Icon.png
26,Marge,3500.0,https://img.icons8.com/doodle/48/marge-simpson.png
26,Martin Prince,14.0,https://static.simpsonswiki.com/images/d/da/Tapped_Out_Martin_Icon.png
26,Mayor Quimby,90.0,https://static.simpsonswiki.com/images/e/e3/Tapped_Out_Quimby_Icon.png
26,Milhouse,325.0,https://img.icons8.com/doodle/48/milhouse-van-houten.png
26,Moe,1909.0,https://img.icons8.com/doodle/48/bartender-mo.png
26,Mr. Burns,1689.0,https://img.icons8.com/doodle/48/charles-montgomery-burns.png
26,Nelson,153.0,https://static.simpsonswiki.com/images/0/0c/Tapped_Out_Nelson_Icon_-_Brave.png
26,Otto,24.0,https://static.simpsonswiki.com/images/4/48/Tapped_Out_Conductor_Otto_Sidebar.png
26,Patty,109.0,https://static.simpsonswiki.com/images/3/31/Tapped_Out_Patty_Sidebar.png
26,Professor Frink,228.0,https://static.simpsonswiki.com/images/0/09/Tapped_Out_Professor_Frink_Icon_-_Deadpan.png
26,Ralph,11.0,https://img.icons8.com/doodle/48/ralf.png
26,Rev. Lovejoy,140.0,https://static.simpsonswiki.com/images/4/40/Tapped_Out_Rev._Lovejoy_Sidebar.png
26,Selma,115.0,https://static.simpsonswiki.com/images/8/8f/Tapped_Out_Selma_Icon.png
26,Sideshow Bob,31.0,https://static.simpsonswiki.com/images/6/68/Tapped_Out_Sideshow_Bob_Icon_-_Serious.png
26,Sideshow Mel,136.0,https://static.simpsonswiki.com/images/6/6d/Tapped_Out_Sideshow_Mel_Icon.png
26,Smithers,372.0,https://static.simpsonswiki.com/images/3/3a/Tapped_Out_Smithers_Icon.png
