season,raw_character_text,word_count
1,Agnes Skinner,49.0
1,Apu Nahasapeemapetilon,101.0
1,Barney Gumble,263.0
1,Bart Simpson,4902.0
1,C. Montgomery Burns,650.0
1,Carl Carlson,30.0
1,Chief Wiggum,132.0
1,Edna Krabappel-Flanders,281.0
1,Grampa Simpson,333.0
1,Homer Simpson,8183.0
1,Jimbo Jones,174.0
1,Kent Brockman,215.0
1,Krusty the Clown,374.0
1,Lenny Leonard,41.0
1,Lisa Simpson,1883.0
1,Lou,39.0
1,Marge Simpson,3676.0
1,Martin Prince,171.0
1,Milhouse Van Houten,105.0
1,Moe Szyslak,443.0
1,Ned Flanders,84.0
1,Nelson Muntz,135.0
1,Otto Mann,61.0
1,Patty Bouvier,240.0
1,Ralph Wiggum,21.0
1,Rev. Timothy Lovejoy,171.0
1,Selma Bouvier,84.0
1,Sideshow Bob,581.0
1,Waylon Smithers,235.0
2,Apu Nahasapeemapetilon,199.0
2,Barney Gumble,423.0
2,Bart Simpson,5716.0
2,C. Montgomery Burns,3577.0
2,Carl Carlson,87.0
2,Chief Wiggum,15.0
2,Dr. Julius Hibbert,603.0
2,Edna Krabappel-Flanders,216.0
2,Grampa Simpson,1681.0
2,Groundskeeper Willie,21.0
2,Homer Simpson,14176.0
2,Jimbo Jones,4.0
2,Kent Brockman,208.0
2,Krusty the Clown,266.0
2,Lenny Leonard,112.0
2,Lisa Simpson,3882.0
2,Lou,71.0
2,Marge Simpson,6406.0
2,Martin Prince,750.0
2,Mayor Joe Quimby,92.0
2,Milhouse Van Houten,277.0
2,Moe Szyslak,391.0
2,Ned Flanders,939.0
2,Nelson Muntz,56.0
2,Otto Mann,318.0
2,Patty Bouvier,528.0
2,Professor Jonathan Frink,59.0
2,Ralph Wiggum,34.0
2,Rev. Timothy Lovejoy,549.0
2,Selma Bouvier,377.0
2,Waylon Smithers,995.0
3,Apu Nahasapeemapetilon,413.0
3,Barney Gumble,412.0
3,Bart Simpson,6320.0
3,C. Montgomery Burns,3287.0
3,Carl Carlson,159.0
3,Chief Wiggum,661.0
3,Comic Book Guy,20.0
3,Dr. Julius Hibbert,129.0
3,Edna Krabappel-Flanders,869.0
3,Fat Tony,401.0
3,Grampa Simpson,145.0
3,Groundskeeper Willie,106.0
3,Homer Simpson,12204.0
3,Jimbo Jones,26.0
3,Kent Brockman,1002.0
3,Kirk Van Houten,4.0
3,Krusty the Clown,1196.0
3,Lenny Leonard,256.0
3,Lisa Simpson,4009.0
3,Lou,189.0
3,Marge Simpson,5207.0
3,Martin Prince,401.0
3,Mayor Joe Quimby,233.0
3,Milhouse Van Houten,488.0
3,Moe Szyslak,1218.0
3,Ned Flanders,1060.0
3,Nelson Muntz,205.0
3,Otto Mann,789.0
3,Patty Bouvier,443.0
3,Professor Jonathan Frink,140.0
3,Ralph Wiggum,75.0
3,Rev. Timothy Lovejoy,170.0
3,Selma Bouvier,671.0
3,Sideshow Bob,970.0
3,Sideshow Mel,18.0
3,Waylon Smithers,1012.0
4,Apu Nahasapeemapetilon,456.0
4,Barney Gumble,554.0
4,Bart Simpson,4237.0
4,C. Montgomery Burns,1411.0
4,Carl Carlson,174.0
4,Chief Wiggum,649.0
4,Dr. Julius Hibbert,377.0
4,Edna Krabappel-Flanders,287.0
4,Gary Chalmers,172.0
4,Grampa Simpson,1264.0
4,Groundskeeper Willie,232.0
4,Homer Simpson,9231.0
4,Jimbo Jones,151.0
4,Kent Brockman,984.0
4,Kirk Van Houten,14.0
4,Krusty the Clown,1861.0
4,Lenny Leonard,124.0
4,Lisa Simpson,2914.0
4,Lou,70.0
4,Marge Simpson,4172.0
4,Martin Prince,32.0
4,Mayor Joe Quimby,478.0
4,Milhouse Van Houten,125.0
4,Moe Szyslak,380.0
4,Ned Flanders,617.0
4,Nelson Muntz,123.0
4,Otto Mann,78.0
4,Patty Bouvier,235.0
4,Professor Jonathan Frink,61.0
4,Ralph Wiggum,301.0
4,Rev. Timothy Lovejoy,328.0
4,Selma Bouvier,426.0
4,Sideshow Mel,78.0
4,Waylon Smithers,316.0
5,Agnes Skinner,42.0
5,Apu Nahasapeemapetilon,1137.0
5,Barney Gumble,347.0
5,Bart Simpson,4280.0
5,C. Montgomery Burns,2526.0
5,Carl Carlson,150.0
5,Chief Wiggum,886.0
5,Cletus Spuckler,9.0
5,Comic Book Guy,60.0
5,Dr. Julius Hibbert,220.0
5,Edna Krabappel-Flanders,354.0
5,Gary Chalmers,195.0
5,Grampa Simpson,1678.0
5,Groundskeeper Willie,254.0
5,Homer Simpson,11654.0
5,Jimbo Jones,119.0
5,Kent Brockman,1282.0
5,Kirk Van Houten,4.0
5,Krusty the Clown,636.0
5,Lenny Leonard,173.0
5,Lisa Simpson,3074.0
5,Lou,30.0
5,Marge Simpson,3679.0
5,Martin Prince,261.0
5,Mayor Joe Quimby,340.0
5,Milhouse Van Houten,482.0
5,Moe Szyslak,566.0
5,Ned Flanders,1282.0
5,Nelson Muntz,164.0
5,Otto Mann,196.0
5,Patty Bouvier,120.0
5,Professor Jonathan Frink,76.0
5,Ralph Wiggum,34.0
5,Rev. Timothy Lovejoy,238.0
5,Selma Bouvier,68.0
5,Sideshow Bob,292.0
5,Sideshow Mel,58.0
5,Waylon Smithers,831.0
6,Agnes Skinner,14.0
6,Apu Nahasapeemapetilon,267.0
6,Barney Gumble,308.0
6,Bart Simpson,6198.0
6,C. Montgomery Burns,1576.0
6,Carl Carlson,210.0
6,Chief Wiggum,746.0
6,Cletus Spuckler,12.0
6,Comic Book Guy,12.0
6,Dr. Julius Hibbert,277.0
6,Edna Krabappel-Flanders,552.0
6,Fat Tony,141.0
6,Gary Chalmers,80.0
6,Grampa Simpson,1283.0
6,Groundskeeper Willie,353.0
6,Homer Simpson,11741.0
6,Jimbo Jones,202.0
6,Kent Brockman,603.0
6,Kirk Van Houten,48.0
6,Krusty the Clown,950.0
6,Lenny Leonard,297.0
6,Lisa Simpson,5308.0
6,Lou,7.0
6,Marge Simpson,6635.0
6,Martin Prince,192.0
6,Mayor Joe Quimby,365.0
6,Milhouse Van Houten,741.0
6,Moe Szyslak,1020.0
6,Ned Flanders,730.0
6,Nelson Muntz,210.0
6,Otto Mann,105.0
6,Patty Bouvier,350.0
6,Professor Jonathan Frink,268.0
6,Ralph Wiggum,202.0
6,Rev. Timothy Lovejoy,345.0
6,Selma Bouvier,218.0
6,Sideshow Bob,473.0
6,Sideshow Mel,34.0
6,Waylon Smithers,528.0
7,Agnes Skinner,35.0
7,Apu Nahasapeemapetilon,1456.0
7,Barney Gumble,124.0
7,Bart Simpson,5555.0
7,C. Montgomery Burns,2860.0
7,Carl Carlson,108.0
7,Chief Wiggum,1040.0
7,Cletus Spuckler,91.0
7,Comic Book Guy,500.0
7,Dr. Julius Hibbert,184.0
7,Edna Krabappel-Flanders,190.0
7,Fat Tony,86.0
7,Gary Chalmers,258.0
7,Grampa Simpson,1613.0
7,Groundskeeper Willie,184.0
7,Homer Simpson,9605.0
7,Jimbo Jones,55.0
7,Kent Brockman,552.0
7,Kirk Van Houten,165.0
7,Krusty the Clown,1262.0
7,Lenny Leonard,181.0
7,Lisa Simpson,5257.0
7,Lou,139.0
7,Marge Simpson,4724.0
7,Martin Prince,240.0
7,Mayor Joe Quimby,373.0
7,Milhouse Van Houten,1192.0
7,Moe Szyslak,1329.0
7,Ned Flanders,940.0
7,Nelson Muntz,274.0
7,Otto Mann,216.0
7,Patty Bouvier,123.0
7,Professor Jonathan Frink,185.0
7,Ralph Wiggum,124.0
7,Rev. Timothy Lovejoy,365.0
7,Selma Bouvier,736.0
7,Sideshow Bob,564.0
7,Sideshow Mel,187.0
7,Waylon Smithers,1536.0
8,Agnes Skinner,221.0
8,Apu Nahasapeemapetilon,224.0
8,Barney Gumble,278.0
8,Bart Simpson,4700.0
8,C. Montgomery Burns,3106.0
8,Carl Carlson,190.0
8,Chief Wiggum,1653.0
8,Cletus Spuckler,94.0
8,Comic Book Guy,265.0
8,Dr. Julius Hibbert,552.0
8,Edna Krabappel-Flanders,589.0
8,Fat Tony,231.0
8,Gary Chalmers,348.0
8,Grampa Simpson,590.0
8,Groundskeeper Willie,195.0
8,Homer Simpson,10119.0
8,Jimbo Jones,68.0
8,Kent Brockman,1084.0
8,Kirk Van Houten,581.0
8,Krusty the Clown,627.0
8,Lenny Leonard,383.0
8,Lisa Simpson,4361.0
8,Lou,82.0
8,Marge Simpson,5760.0
8,Martin Prince,82.0
8,Mayor Joe Quimby,301.0
8,Milhouse Van Houten,440.0
8,Moe Szyslak,1876.0
8,Ned Flanders,1557.0
8,Nelson Muntz,549.0
8,Otto Mann,91.0
8,Patty Bouvier,22.0
8,Professor Jonathan Frink,59.0
8,Ralph Wiggum,122.0
8,Rev. Timothy Lovejoy,907.0
8,Selma Bouvier,1.0
8,Sideshow Bob,979.0
8,Sideshow Mel,58.0
8,Waylon Smithers,809.0
9,Agnes Skinner,434.0
9,Apu Nahasapeemapetilon,1155.0
9,Barney Gumble,220.0
9,Bart Simpson,5297.0
9,C. Montgomery Burns,918.0
9,Carl Carlson,199.0
9,Chief Wiggum,863.0
9,Cletus Spuckler,82.0
9,Comic Book Guy,123.0
9,Dr. Julius Hibbert,359.0
9,Duffman,54.0
9,Edna Krabappel-Flanders,192.0
9,Gary Chalmers,193.0
9,Grampa Simpson,662.0
9,Groundskeeper Willie,291.0
9,Homer Simpson,13265.0
9,Jimbo Jones,119.0
9,Kent Brockman,1062.0
9,Kirk Van Houten,19.0
9,Krusty the Clown,1350.0
9,Lenny Leonard,323.0
9,Lisa Simpson,5085.0
9,Lou,37.0
9,Marge Simpson,5654.0
9,Martin Prince,71.0
9,Mayor Joe Quimby,287.0
9,Milhouse Van Houten,501.0
9,Moe Szyslak,2190.0
9,Ned Flanders,978.0
9,Nelson Muntz,461.0
9,Otto Mann,146.0
9,Patty Bouvier,49.0
9,Professor Jonathan Frink,133.0
9,Ralph Wiggum,434.0
9,Rev. Timothy Lovejoy,225.0
9,Selma Bouvier,91.0
9,Sideshow Mel,116.0
9,Waylon Smithers,257.0
10,Agnes Skinner,54.0
10,Apu Nahasapeemapetilon,536.0
10,Barney Gumble,116.0
10,Bart Simpson,3548.0
10,C. Montgomery Burns,1124.0
10,Carl Carlson,284.0
10,Chief Wiggum,1399.0
10,Cletus Spuckler,37.0
10,Comic Book Guy,308.0
10,Dr. Julius Hibbert,561.0
10,Edna Krabappel-Flanders,114.0
10,Fat Tony,144.0
10,Gary Chalmers,233.0
10,Grampa Simpson,641.0
10,Groundskeeper Willie,312.0
10,Homer Simpson,15303.0
10,Jimbo Jones,9.0
10,Kent Brockman,697.0
10,Kirk Van Houten,18.0
10,Krusty the Clown,317.0
10,Lenny Leonard,420.0
10,Lisa Simpson,4527.0
10,Lou,56.0
10,Marge Simpson,5461.0
10,Martin Prince,29.0
10,Mayor Joe Quimby,458.0
10,Milhouse Van Houten,289.0
10,Moe Szyslak,864.0
10,Ned Flanders,1214.0
10,Nelson Muntz,506.0
10,Otto Mann,53.0
10,Patty Bouvier,12.0
10,Professor Jonathan Frink,429.0
10,Ralph Wiggum,138.0
10,Rev. Timothy Lovejoy,282.0
10,Selma Bouvier,16.0
10,Sideshow Mel,30.0
10,Waylon Smithers,134.0
11,Agnes Skinner,46.0
11,Apu Nahasapeemapetilon,917.0
11,Barney Gumble,434.0
11,Bart Simpson,4245.0
11,C. Montgomery Burns,567.0
11,Carl Carlson,334.0
11,Chief Wiggum,787.0
11,Cletus Spuckler,46.0
11,Comic Book Guy,341.0
11,Dr. Julius Hibbert,394.0
11,Duffman,197.0
11,Edna Krabappel-Flanders,121.0
11,Fat Tony,108.0
11,Grampa Simpson,57.0
11,Groundskeeper Willie,47.0
11,Homer Simpson,12801.0
11,Jimbo Jones,6.0
11,Kent Brockman,597.0
11,Kirk Van Houten,18.0
11,Krusty the Clown,401.0
11,Lenny Leonard,464.0
11,Lisa Simpson,3882.0
11,Lou,61.0
11,Marge Simpson,4902.0
11,Martin Prince,24.0
11,Milhouse Van Houten,452.0
11,Moe Szyslak,1685.0
11,Ned Flanders,1156.0
11,Nelson Muntz,231.0
11,Otto Mann,125.0
11,Patty Bouvier,73.0
11,Professor Jonathan Frink,207.0
11,Ralph Wiggum,231.0
11,Rev. Timothy Lovejoy,371.0
11,Selma Bouvier,50.0
11,Sideshow Mel,669.0
11,Waylon Smithers,62.0
12,Agnes Skinner,178.0
12,Apu Nahasapeemapetilon,189.0
12,Barney Gumble,70.0
12,Bart Simpson,2915.0
12,C. Montgomery Burns,644.0
12,Carl Carlson,418.0
12,Chief Wiggum,1035.0
12,Cletus Spuckler,89.0
12,Comic Book Guy,524.0
12,Dr. Julius Hibbert,611.0
12,Duffman,48.0
12,Edna Krabappel-Flanders,54.0
12,Fat Tony,147.0
12,Gary Chalmers,68.0
12,Grampa Simpson,296.0
12,Groundskeeper Willie,220.0
12,Homer Simpson,10465.0
12,Jimbo Jones,33.0
12,Kent Brockman,940.0
12,Kirk Van Houten,62.0
12,Krusty the Clown,1861.0
12,Lenny Leonard,502.0
12,Lisa Simpson,3374.0
12,Lou,170.0
12,Marge Simpson,3488.0
12,Martin Prince,53.0
12,Mayor Joe Quimby,160.0
12,Milhouse Van Houten,679.0
12,Moe Szyslak,624.0
12,Ned Flanders,1221.0
12,Nelson Muntz,388.0
12,Otto Mann,47.0
12,Patty Bouvier,9.0
12,Professor Jonathan Frink,304.0
12,Ralph Wiggum,192.0
12,Rev. Timothy Lovejoy,86.0
12,Selma Bouvier,5.0
12,Sideshow Bob,540.0
12,Sideshow Mel,108.0
12,Waylon Smithers,138.0
13,Agnes Skinner,89.0
13,Apu Nahasapeemapetilon,778.0
13,Barney Gumble,117.0
13,Bart Simpson,2982.0
13,C. Montgomery Burns,1606.0
13,Carl Carlson,475.0
13,Chief Wiggum,1126.0
13,Cletus Spuckler,125.0
13,Comic Book Guy,188.0
13,Dr. Julius Hibbert,448.0
13,Duffman,72.0
13,Edna Krabappel-Flanders,150.0
13,Fat Tony,128.0
13,Gary Chalmers,25.0
13,Grampa Simpson,1053.0
13,Groundskeeper Willie,140.0
13,Homer Simpson,9964.0
13,Jimbo Jones,56.0
13,Kent Brockman,409.0
13,Kirk Van Houten,120.0
13,Krusty the Clown,515.0
13,Lenny Leonard,670.0
13,Lisa Simpson,3185.0
13,Lou,113.0
13,Marge Simpson,5103.0
13,Martin Prince,42.0
13,Mayor Joe Quimby,204.0
13,Milhouse Van Houten,474.0
13,Moe Szyslak,1830.0
13,Ned Flanders,497.0
13,Nelson Muntz,104.0
13,Otto Mann,141.0
13,Patty Bouvier,173.0
13,Professor Jonathan Frink,113.0
13,Ralph Wiggum,107.0
13,Rev. Timothy Lovejoy,225.0
13,Selma Bouvier,49.0
13,Sideshow Mel,62.0
13,Waylon Smithers,216.0
14,Agnes Skinner,77.0
14,Apu Nahasapeemapetilon,319.0
14,Barney Gumble,119.0
14,Bart Simpson,3737.0
14,C. Montgomery Burns,687.0
14,Carl Carlson,396.0
14,Chief Wiggum,969.0
14,Cletus Spuckler,196.0
14,Comic Book Guy,126.0
14,Dr. Julius Hibbert,517.0
14,Duffman,177.0
14,Edna Krabappel-Flanders,312.0
14,Fat Tony,95.0
14,Gary Chalmers,41.0
14,Grampa Simpson,211.0
14,Groundskeeper Willie,127.0
14,Homer Simpson,11524.0
14,Jimbo Jones,53.0
14,Kent Brockman,519.0
14,Kirk Van Houten,127.0
14,Krusty the Clown,1053.0
14,Lenny Leonard,410.0
14,Lisa Simpson,3970.0
14,Lou,106.0
14,Marge Simpson,5069.0
14,Martin Prince,65.0
14,Mayor Joe Quimby,305.0
14,Milhouse Van Houten,671.0
14,Moe Szyslak,1954.0
14,Ned Flanders,1554.0
14,Nelson Muntz,266.0
14,Otto Mann,91.0
14,Patty Bouvier,17.0
14,Professor Jonathan Frink,184.0
14,Ralph Wiggum,123.0
14,Rev. Timothy Lovejoy,160.0
14,Selma Bouvier,10.0
14,Sideshow Bob,556.0
14,Sideshow Mel,124.0
14,Waylon Smithers,121.0
15,Agnes Skinner,138.0
15,Apu Nahasapeemapetilon,264.0
15,Barney Gumble,116.0
15,Bart Simpson,4019.0
15,C. Montgomery Burns,1254.0
15,Carl Carlson,312.0
15,Chief Wiggum,958.0
15,Cletus Spuckler,85.0
15,Comic Book Guy,483.0
15,Dr. Julius Hibbert,355.0
15,Duffman,48.0
15,Edna Krabappel-Flanders,448.0
15,Gary Chalmers,185.0
15,Grampa Simpson,528.0
15,Groundskeeper Willie,310.0
15,Homer Simpson,10657.0
15,Jimbo Jones,44.0
15,Kent Brockman,1003.0
15,Kirk Van Houten,107.0
15,Krusty the Clown,881.0
15,Lenny Leonard,424.0
15,Lisa Simpson,4836.0
15,Lou,199.0
15,Marge Simpson,5485.0
15,Martin Prince,106.0
15,Mayor Joe Quimby,242.0
15,Milhouse Van Houten,761.0
15,Moe Szyslak,804.0
15,Ned Flanders,474.0
15,Nelson Muntz,305.0
15,Otto Mann,189.0
15,Patty Bouvier,113.0
15,Professor Jonathan Frink,443.0
15,Ralph Wiggum,102.0
15,Rev. Timothy Lovejoy,115.0
15,Selma Bouvier,201.0
15,Sideshow Mel,325.0
15,Waylon Smithers,184.0
16,Agnes Skinner,46.0
16,Apu Nahasapeemapetilon,349.0
16,Barney Gumble,120.0
16,Bart Simpson,3384.0
16,C. Montgomery Burns,887.0
16,Carl Carlson,192.0
16,Chief Wiggum,1180.0
16,Cletus Spuckler,101.0
16,Comic Book Guy,85.0
16,Dr. Julius Hibbert,421.0
16,Edna Krabappel-Flanders,164.0
16,Fat Tony,33.0
16,Gary Chalmers,104.0
16,Grampa Simpson,340.0
16,Groundskeeper Willie,210.0
16,Homer Simpson,10992.0
16,Jimbo Jones,81.0
16,Kent Brockman,594.0
16,Kirk Van Houten,78.0
16,Krusty the Clown,677.0
16,Lenny Leonard,223.0
16,Lisa Simpson,3684.0
16,Lou,170.0
16,Marge Simpson,6102.0
16,Martin Prince,72.0
16,Mayor Joe Quimby,201.0
16,Milhouse Van Houten,384.0
16,Moe Szyslak,1123.0
16,Ned Flanders,1583.0
16,Nelson Muntz,554.0
16,Otto Mann,61.0
16,Patty Bouvier,371.0
16,Professor Jonathan Frink,450.0
16,Ralph Wiggum,127.0
16,Rev. Timothy Lovejoy,242.0
16,Selma Bouvier,430.0
16,Sideshow Mel,120.0
16,Waylon Smithers,110.0
17,Agnes Skinner,159.0
17,Apu Nahasapeemapetilon,100.0
17,Barney Gumble,53.0
17,Bart Simpson,3268.0
17,C. Montgomery Burns,1111.0
17,Carl Carlson,377.0
17,Chief Wiggum,540.0
17,Cletus Spuckler,34.0
17,Comic Book Guy,190.0
17,Dr. Julius Hibbert,293.0
17,Duffman,56.0
17,Edna Krabappel-Flanders,203.0
17,Fat Tony,47.0
17,Gary Chalmers,170.0
17,Grampa Simpson,1094.0
17,Groundskeeper Willie,415.0
17,Homer Simpson,9691.0
17,Jimbo Jones,183.0
17,Kent Brockman,664.0
17,Kirk Van Houten,243.0
17,Krusty the Clown,449.0
17,Lenny Leonard,593.0
17,Lisa Simpson,3537.0
17,Lou,135.0
17,Marge Simpson,5888.0
17,Martin Prince,103.0
17,Mayor Joe Quimby,403.0
17,Milhouse Van Houten,833.0
17,Moe Szyslak,1401.0
17,Ned Flanders,966.0
17,Nelson Muntz,229.0
17,Otto Mann,96.0
17,Patty Bouvier,198.0
17,Professor Jonathan Frink,76.0
17,Ralph Wiggum,67.0
17,Rev. Timothy Lovejoy,288.0
17,Selma Bouvier,244.0
17,Sideshow Bob,477.0
17,Sideshow Mel,140.0
17,Waylon Smithers,136.0
18,Apu Nahasapeemapetilon,243.0
18,Barney Gumble,32.0
18,Bart Simpson,3866.0
18,C. Montgomery Burns,493.0
18,Carl Carlson,280.0
18,Chief Wiggum,593.0
18,Cletus Spuckler,288.0
18,Comic Book Guy,135.0
18,Dr. Julius Hibbert,66.0
18,Edna Krabappel-Flanders,39.0
18,Fat Tony,260.0
18,Gary Chalmers,312.0
18,Grampa Simpson,873.0
18,Groundskeeper Willie,263.0
18,Homer Simpson,8962.0
18,Jimbo Jones,186.0
18,Kent Brockman,676.0
18,Kirk Van Houten,57.0
18,Krusty the Clown,989.0
18,Lenny Leonard,344.0
18,Lisa Simpson,3353.0
18,Lou,302.0
18,Marge Simpson,4635.0
18,Martin Prince,264.0
18,Mayor Joe Quimby,229.0
18,Milhouse Van Houten,484.0
18,Moe Szyslak,1713.0
18,Ned Flanders,322.0
18,Nelson Muntz,683.0
18,Otto Mann,188.0
18,Patty Bouvier,75.0
18,Professor Jonathan Frink,150.0
18,Ralph Wiggum,53.0
18,Rev. Timothy Lovejoy,152.0
18,Selma Bouvier,322.0
18,Sideshow Mel,103.0
18,Waylon Smithers,126.0
19,Agnes Skinner,102.0
19,Apu Nahasapeemapetilon,178.0
19,Bart Simpson,3783.0
19,C. Montgomery Burns,481.0
19,Carl Carlson,285.0
19,Chief Wiggum,488.0
19,Cletus Spuckler,164.0
19,Comic Book Guy,314.0
19,Dr. Julius Hibbert,235.0
19,Duffman,101.0
19,Edna Krabappel-Flanders,39.0
19,Gary Chalmers,231.0
19,Grampa Simpson,315.0
19,Groundskeeper Willie,116.0
19,Homer Simpson,8804.0
19,Jimbo Jones,39.0
19,Kent Brockman,462.0
19,Kirk Van Houten,140.0
19,Krusty the Clown,1141.0
19,Lenny Leonard,338.0
19,Lisa Simpson,3274.0
19,Lou,106.0
19,Marge Simpson,3859.0
19,Martin Prince,262.0
19,Mayor Joe Quimby,301.0
19,Milhouse Van Houten,643.0
19,Moe Szyslak,498.0
19,Ned Flanders,405.0
19,Nelson Muntz,586.0
19,Otto Mann,43.0
19,Patty Bouvier,38.0
19,Professor Jonathan Frink,113.0
19,Ralph Wiggum,121.0
19,Rev. Timothy Lovejoy,115.0
19,Selma Bouvier,51.0
19,Sideshow Bob,484.0
19,Sideshow Mel,548.0
19,Waylon Smithers,41.0
20,Agnes Skinner,63.0
20,Apu Nahasapeemapetilon,204.0
20,Barney Gumble,39.0
20,Bart Simpson,3248.0
20,C. Montgomery Burns,1013.0
20,Carl Carlson,231.0
20,Chief Wiggum,276.0
20,Cletus Spuckler,49.0
20,Comic Book Guy,237.0
20,Dr. Julius Hibbert,239.0
20,Edna Krabappel-Flanders,125.0
20,Gary Chalmers,471.0
20,Grampa Simpson,558.0
20,Groundskeeper Willie,221.0
20,Homer Simpson,9536.0
20,Jimbo Jones,159.0
20,Kent Brockman,211.0
20,Kirk Van Houten,16.0
20,Krusty the Clown,188.0
20,Lenny Leonard,539.0
20,Lisa Simpson,4240.0
20,Lou,19.0
20,Marge Simpson,4267.0
20,Martin Prince,43.0
20,Mayor Joe Quimby,243.0
20,Milhouse Van Houten,588.0
20,Moe Szyslak,1756.0
20,Ned Flanders,1271.0
20,Nelson Muntz,183.0
20,Otto Mann,41.0
20,Patty Bouvier,78.0
20,Professor Jonathan Frink,164.0
20,Ralph Wiggum,113.0
20,Rev. Timothy Lovejoy,247.0
20,Selma Bouvier,84.0
20,Sideshow Bob,51.0
20,Sideshow Mel,43.0
20,Waylon Smithers,121.0
21,Agnes Skinner,420.0
21,Apu Nahasapeemapetilon,582.0
21,Barney Gumble,121.0
21,Bart Simpson,4914.0
21,C. Montgomery Burns,1286.0
21,Carl Carlson,694.0
21,Chief Wiggum,1400.0
21,Cletus Spuckler,248.0
21,Comic Book Guy,418.0
21,Dr. Julius Hibbert,166.0
21,Duffman,74.0
21,Edna Krabappel-Flanders,775.0
21,Fat Tony,54.0
21,Gary Chalmers,248.0
21,Grampa Simpson,911.0
21,Groundskeeper Willie,209.0
21,Homer Simpson,8116.0
21,Jimbo Jones,102.0
21,Kent Brockman,264.0
21,Kirk Van Houten,28.0
21,Krusty the Clown,889.0
21,Lenny Leonard,533.0
21,Lisa Simpson,3865.0
21,Lou,220.0
21,Marge Simpson,3837.0
21,Martin Prince,114.0
21,Mayor Joe Quimby,198.0
21,Milhouse Van Houten,604.0
21,Moe Szyslak,2150.0
21,Ned Flanders,1168.0
21,Nelson Muntz,492.0
21,Otto Mann,90.0
21,Patty Bouvier,41.0
21,Ralph Wiggum,106.0
21,Rev. Timothy Lovejoy,274.0
21,Selma Bouvier,69.0
21,Sideshow Bob,4.0
21,Sideshow Mel,31.0
21,Waylon Smithers,295.0
22,Agnes Skinner,75.0
22,Apu Nahasapeemapetilon,138.0
22,Barney Gumble,72.0
22,Bart Simpson,4403.0
22,C. Montgomery Burns,933.0
22,Carl Carlson,159.0
22,Chief Wiggum,468.0
22,Cletus Spuckler,31.0
22,Comic Book Guy,354.0
22,Dr. Julius Hibbert,72.0
22,Duffman,21.0
22,Edna Krabappel-Flanders,676.0
22,Fat Tony,717.0
22,Gary Chalmers,672.0
22,Grampa Simpson,885.0
22,Groundskeeper Willie,169.0
22,Homer Simpson,7884.0
22,Jimbo Jones,44.0
22,Kent Brockman,381.0
22,Kirk Van Houten,18.0
22,Krusty the Clown,561.0
22,Lenny Leonard,321.0
22,Lisa Simpson,4776.0
22,Lou,104.0
22,Marge Simpson,3822.0
22,Martin Prince,49.0
22,Mayor Joe Quimby,115.0
22,Milhouse Van Houten,813.0
22,Moe Szyslak,1642.0
22,Ned Flanders,848.0
22,Nelson Muntz,964.0
22,Otto Mann,261.0
22,Patty Bouvier,79.0
22,Professor Jonathan Frink,149.0
22,Ralph Wiggum,73.0
22,Rev. Timothy Lovejoy,2.0
22,Selma Bouvier,455.0
22,Sideshow Mel,40.0
22,Waylon Smithers,516.0
23,Agnes Skinner,73.0
23,Apu Nahasapeemapetilon,246.0
23,Barney Gumble,86.0
23,Bart Simpson,4372.0
23,C. Montgomery Burns,958.0
23,Carl Carlson,255.0
23,Chief Wiggum,613.0
23,Cletus Spuckler,64.0
23,Comic Book Guy,188.0
23,Dr. Julius Hibbert,82.0
23,Duffman,17.0
23,Edna Krabappel-Flanders,365.0
23,Gary Chalmers,800.0
23,Grampa Simpson,561.0
23,Groundskeeper Willie,71.0
23,Homer Simpson,10528.0
23,Jimbo Jones,415.0
23,Kent Brockman,428.0
23,Kirk Van Houten,58.0
23,Krusty the Clown,1114.0
23,Lenny Leonard,710.0
23,Lisa Simpson,3858.0
23,Lou,50.0
23,Marge Simpson,3933.0
23,Martin Prince,197.0
23,Mayor Joe Quimby,331.0
23,Milhouse Van Houten,561.0
23,Moe Szyslak,851.0
23,Ned Flanders,1147.0
23,Nelson Muntz,303.0
23,Otto Mann,33.0
23,Patty Bouvier,129.0
23,Professor Jonathan Frink,391.0
23,Ralph Wiggum,20.0
23,Rev. Timothy Lovejoy,117.0
23,Selma Bouvier,48.0
23,Sideshow Bob,6.0
23,Sideshow Mel,177.0
23,Waylon Smithers,192.0
24,Agnes Skinner,11.0
24,Apu Nahasapeemapetilon,208.0
24,Barney Gumble,41.0
24,Bart Simpson,4022.0
24,C. Montgomery Burns,1170.0
24,Carl Carlson,580.0
24,Chief Wiggum,526.0
24,Cletus Spuckler,293.0
24,Comic Book Guy,92.0
24,Dr. Julius Hibbert,152.0
24,Duffman,38.0
24,Edna Krabappel-Flanders,193.0
24,Fat Tony,200.0
24,Gary Chalmers,341.0
24,Grampa Simpson,1545.0
24,Groundskeeper Willie,165.0
24,Homer Simpson,10948.0
24,Jimbo Jones,82.0
24,Kent Brockman,563.0
24,Kirk Van Houten,187.0
24,Krusty the Clown,199.0
24,Lenny Leonard,830.0
24,Lisa Simpson,3409.0
24,Lou,64.0
24,Marge Simpson,5757.0
24,Martin Prince,42.0
24,Mayor Joe Quimby,152.0
24,Milhouse Van Houten,758.0
24,Moe Szyslak,2252.0
24,Ned Flanders,852.0
24,Nelson Muntz,116.0
24,Otto Mann,87.0
24,Patty Bouvier,96.0
24,Professor Jonathan Frink,239.0
24,Ralph Wiggum,68.0
24,Rev. Timothy Lovejoy,341.0
24,Selma Bouvier,93.0
24,Sideshow Mel,123.0
24,Waylon Smithers,221.0
25,Agnes Skinner,107.0
25,Apu Nahasapeemapetilon,97.0
25,Barney Gumble,37.0
25,Bart Simpson,4008.0
25,C. Montgomery Burns,763.0
25,Carl Carlson,421.0
25,Chief Wiggum,661.0
25,Cletus Spuckler,133.0
25,Comic Book Guy,729.0
25,Dr. Julius Hibbert,342.0
25,Duffman,67.0
25,Edna Krabappel-Flanders,46.0
25,Fat Tony,188.0
25,Gary Chalmers,402.0
25,Grampa Simpson,422.0
25,Groundskeeper Willie,143.0
25,Homer Simpson,9445.0
25,Jimbo Jones,249.0
25,Kent Brockman,488.0
25,Kirk Van Houten,310.0
25,Krusty the Clown,483.0
25,Lenny Leonard,440.0
25,Lisa Simpson,4257.0
25,Lou,83.0
25,Marge Simpson,4491.0
25,Martin Prince,91.0
25,Mayor Joe Quimby,72.0
25,Milhouse Van Houten,957.0
25,Moe Szyslak,776.0
25,Ned Flanders,214.0
25,Nelson Muntz,313.0
25,Otto Mann,45.0
25,Patty Bouvier,95.0
25,Professor Jonathan Frink,255.0
25,Ralph Wiggum,62.0
25,Rev. Timothy Lovejoy,450.0
25,Selma Bouvier,59.0
25,Sideshow Bob,436.0
25,Sideshow Mel,38.0
25,Waylon Smithers,117.0
26,Agnes Skinner,45.0
26,Apu Nahasapeemapetilon,901.0
26,Barney Gumble,6.0
26,Bart Simpson,2064.0
26,C. Montgomery Burns,1689.0
26,Carl Carlson,221.0
26,Chief Wiggum,466.0
26,Cletus Spuckler,91.0
26,Comic Book Guy,121.0
26,Dr. Julius Hibbert,166.0
26,Gary Chalmers,210.0
26,Grampa Simpson,111.0
26,Groundskeeper Willie,63.0
26,Homer Simpson,7621.0
26,Jimbo Jones,15.0
26,Kent Brockman,289.0
26,Kirk Van Houten,92.0
26,Krusty the Clown,705.0
26,Lenny Leonard,266.0
26,Lisa Simpson,2057.0
26,Lou,90.0
26,Marge Simpson,3337.0
26,Martin Prince,14.0
26,Mayor Joe Quimby,90.0
26,Milhouse Van Houten,325.0
26,Moe Szyslak,1835.0
26,Ned Flanders,301.0
26,Nelson Muntz,151.0
26,Otto Mann,24.0
26,Patty Bouvier,109.0
26,Professor Jonathan Frink,228.0
26,Ralph Wiggum,11.0
26,Rev. Timothy Lovejoy,140.0
26,Selma Bouvier,115.0
26,Sideshow Bob,31.0
26,Sideshow Mel,136.0
26,Waylon Smithers,355.0
